<?xml version="1.0" encoding="UTF-8"?>
<rss version="2.0" xmlns:atom="http://www.w3.org/2005/Atom">
  <channel>
    <title>deliveroo.engineering</title>
    <description>Deliveroo engineering blog
</description>
    <link>http://localhost:4000/</link>
    <atom:link href="http://localhost:4000/feed.xml" rel="self" type="application/rss+xml"/>
    <pubDate>Mon, 12 Dec 2016 13:05:58 +0000</pubDate>
    <lastBuildDate>Mon, 12 Dec 2016 13:05:58 +0000</lastBuildDate>
    <generator>Jekyll v3.3.1</generator>
    
      <item>
        <title>Optimising session key storage in Redis</title>
        <description>&lt;h2 id=&quot;baseline-implementation&quot;&gt;Baseline implementation&lt;/h2&gt;

&lt;p&gt;First let’s create a &lt;code class=&quot;highlighter-rouge&quot;&gt;Session&lt;/code&gt; class as our starting point which will use an expiring key to hold each session in Redis. The attributes we care about are:&lt;/p&gt;

&lt;ul&gt;
  &lt;li&gt;&lt;code class=&quot;highlighter-rouge&quot;&gt;id&lt;/code&gt;, a long random token identifying the session&lt;/li&gt;
  &lt;li&gt;&lt;code class=&quot;highlighter-rouge&quot;&gt;identity_id&lt;/code&gt;, the identity of the user who owns the session, and&lt;/li&gt;
  &lt;li&gt;&lt;code class=&quot;highlighter-rouge&quot;&gt;expires_at&lt;/code&gt;, the time at which the session expires&lt;/li&gt;
&lt;/ul&gt;

&lt;p&gt;All this code is simplified and adapted from the real version, with the assumption that &lt;code class=&quot;highlighter-rouge&quot;&gt;redis&lt;/code&gt; is an available Redis connection, but it should be sufficient for the purposes of this post.&lt;/p&gt;

&lt;div class=&quot;language-ruby highlighter-rouge&quot;&gt;&lt;pre class=&quot;highlight&quot;&gt;&lt;code&gt;&lt;span class=&quot;k&quot;&gt;class&lt;/span&gt; &lt;span class=&quot;nc&quot;&gt;Session&lt;/span&gt;
  &lt;span class=&quot;kp&quot;&gt;attr_accessor&lt;/span&gt; &lt;span class=&quot;ss&quot;&gt;:id&lt;/span&gt;&lt;span class=&quot;p&quot;&gt;,&lt;/span&gt; &lt;span class=&quot;ss&quot;&gt;:identity_id&lt;/span&gt;&lt;span class=&quot;p&quot;&gt;,&lt;/span&gt; &lt;span class=&quot;ss&quot;&gt;:expires_at&lt;/span&gt;

  &lt;span class=&quot;k&quot;&gt;def&lt;/span&gt; &lt;span class=&quot;nf&quot;&gt;initialize&lt;/span&gt;&lt;span class=&quot;p&quot;&gt;(&lt;/span&gt;&lt;span class=&quot;n&quot;&gt;attributes&lt;/span&gt;&lt;span class=&quot;p&quot;&gt;)&lt;/span&gt;
    &lt;span class=&quot;nb&quot;&gt;self&lt;/span&gt;&lt;span class=&quot;p&quot;&gt;.&lt;/span&gt;&lt;span class=&quot;nf&quot;&gt;id&lt;/span&gt; &lt;span class=&quot;o&quot;&gt;=&lt;/span&gt; &lt;span class=&quot;n&quot;&gt;attributes&lt;/span&gt;&lt;span class=&quot;p&quot;&gt;[&lt;/span&gt;&lt;span class=&quot;ss&quot;&gt;:id&lt;/span&gt;&lt;span class=&quot;p&quot;&gt;]&lt;/span&gt; &lt;span class=&quot;o&quot;&gt;||&lt;/span&gt; &lt;span class=&quot;no&quot;&gt;SecureRandom&lt;/span&gt;&lt;span class=&quot;p&quot;&gt;.&lt;/span&gt;&lt;span class=&quot;nf&quot;&gt;hex&lt;/span&gt;&lt;span class=&quot;p&quot;&gt;(&lt;/span&gt;&lt;span class=&quot;mi&quot;&gt;20&lt;/span&gt;&lt;span class=&quot;p&quot;&gt;)&lt;/span&gt;
    &lt;span class=&quot;nb&quot;&gt;self&lt;/span&gt;&lt;span class=&quot;p&quot;&gt;.&lt;/span&gt;&lt;span class=&quot;nf&quot;&gt;identity_id&lt;/span&gt; &lt;span class=&quot;o&quot;&gt;=&lt;/span&gt; &lt;span class=&quot;n&quot;&gt;attributes&lt;/span&gt;&lt;span class=&quot;p&quot;&gt;[&lt;/span&gt;&lt;span class=&quot;ss&quot;&gt;:identity_id&lt;/span&gt;&lt;span class=&quot;p&quot;&gt;]&lt;/span&gt;
    &lt;span class=&quot;nb&quot;&gt;self&lt;/span&gt;&lt;span class=&quot;p&quot;&gt;.&lt;/span&gt;&lt;span class=&quot;nf&quot;&gt;expires_at&lt;/span&gt; &lt;span class=&quot;o&quot;&gt;=&lt;/span&gt; &lt;span class=&quot;n&quot;&gt;attributes&lt;/span&gt;&lt;span class=&quot;p&quot;&gt;[&lt;/span&gt;&lt;span class=&quot;ss&quot;&gt;:expires_at&lt;/span&gt;&lt;span class=&quot;p&quot;&gt;]&lt;/span&gt; &lt;span class=&quot;o&quot;&gt;||&lt;/span&gt; &lt;span class=&quot;mi&quot;&gt;30&lt;/span&gt;&lt;span class=&quot;p&quot;&gt;.&lt;/span&gt;&lt;span class=&quot;nf&quot;&gt;days&lt;/span&gt;&lt;span class=&quot;p&quot;&gt;.&lt;/span&gt;&lt;span class=&quot;nf&quot;&gt;from_now&lt;/span&gt;
  &lt;span class=&quot;k&quot;&gt;end&lt;/span&gt;
&lt;span class=&quot;k&quot;&gt;end&lt;/span&gt;
&lt;/code&gt;&lt;/pre&gt;
&lt;/div&gt;

&lt;p&gt;We’ll need to add a save method which uses &lt;a href=&quot;http://redis.io/commands/SETEX&quot;&gt;&lt;code class=&quot;highlighter-rouge&quot;&gt;setex&lt;/code&gt;&lt;/a&gt; to save the key with an expiry time, storing the session attributes as a JSON blob.&lt;/p&gt;

&lt;div class=&quot;language-ruby highlighter-rouge&quot;&gt;&lt;pre class=&quot;highlight&quot;&gt;&lt;code&gt;&lt;span class=&quot;k&quot;&gt;def&lt;/span&gt; &lt;span class=&quot;nf&quot;&gt;save!&lt;/span&gt;
  &lt;span class=&quot;n&quot;&gt;ttl&lt;/span&gt; &lt;span class=&quot;o&quot;&gt;=&lt;/span&gt; &lt;span class=&quot;n&quot;&gt;expires_at&lt;/span&gt; &lt;span class=&quot;o&quot;&gt;-&lt;/span&gt; &lt;span class=&quot;no&quot;&gt;Time&lt;/span&gt;&lt;span class=&quot;p&quot;&gt;.&lt;/span&gt;&lt;span class=&quot;nf&quot;&gt;current&lt;/span&gt;
  &lt;span class=&quot;n&quot;&gt;data&lt;/span&gt; &lt;span class=&quot;o&quot;&gt;=&lt;/span&gt; &lt;span class=&quot;p&quot;&gt;{&lt;/span&gt; &lt;span class=&quot;ss&quot;&gt;identity_id: &lt;/span&gt;&lt;span class=&quot;n&quot;&gt;identity_id&lt;/span&gt;&lt;span class=&quot;p&quot;&gt;,&lt;/span&gt; &lt;span class=&quot;ss&quot;&gt;expires_at: &lt;/span&gt;&lt;span class=&quot;n&quot;&gt;expires_at&lt;/span&gt;&lt;span class=&quot;p&quot;&gt;.&lt;/span&gt;&lt;span class=&quot;nf&quot;&gt;to_i&lt;/span&gt; &lt;span class=&quot;p&quot;&gt;}.&lt;/span&gt;&lt;span class=&quot;nf&quot;&gt;to_json&lt;/span&gt;
  &lt;span class=&quot;n&quot;&gt;redis&lt;/span&gt;&lt;span class=&quot;p&quot;&gt;.&lt;/span&gt;&lt;span class=&quot;nf&quot;&gt;setex&lt;/span&gt;&lt;span class=&quot;p&quot;&gt;(&lt;/span&gt;&lt;span class=&quot;nb&quot;&gt;self&lt;/span&gt;&lt;span class=&quot;p&quot;&gt;.&lt;/span&gt;&lt;span class=&quot;nf&quot;&gt;class&lt;/span&gt;&lt;span class=&quot;p&quot;&gt;.&lt;/span&gt;&lt;span class=&quot;nf&quot;&gt;key&lt;/span&gt;&lt;span class=&quot;p&quot;&gt;(&lt;/span&gt;&lt;span class=&quot;nb&quot;&gt;id&lt;/span&gt;&lt;span class=&quot;p&quot;&gt;),&lt;/span&gt; &lt;span class=&quot;n&quot;&gt;ttl&lt;/span&gt;&lt;span class=&quot;p&quot;&gt;.&lt;/span&gt;&lt;span class=&quot;nf&quot;&gt;to_i&lt;/span&gt;&lt;span class=&quot;p&quot;&gt;,&lt;/span&gt; &lt;span class=&quot;n&quot;&gt;data&lt;/span&gt;&lt;span class=&quot;p&quot;&gt;)&lt;/span&gt;
&lt;span class=&quot;k&quot;&gt;end&lt;/span&gt;

&lt;span class=&quot;k&quot;&gt;def&lt;/span&gt; &lt;span class=&quot;nc&quot;&gt;self&lt;/span&gt;&lt;span class=&quot;o&quot;&gt;.&lt;/span&gt;&lt;span class=&quot;nf&quot;&gt;key&lt;/span&gt;&lt;span class=&quot;p&quot;&gt;(&lt;/span&gt;&lt;span class=&quot;nb&quot;&gt;id&lt;/span&gt;&lt;span class=&quot;p&quot;&gt;)&lt;/span&gt;
  &lt;span class=&quot;s2&quot;&gt;&quot;session:&lt;/span&gt;&lt;span class=&quot;si&quot;&gt;#{&lt;/span&gt;&lt;span class=&quot;nb&quot;&gt;id&lt;/span&gt;&lt;span class=&quot;si&quot;&gt;}&lt;/span&gt;&lt;span class=&quot;s2&quot;&gt;&quot;&lt;/span&gt;
&lt;span class=&quot;k&quot;&gt;end&lt;/span&gt;
&lt;/code&gt;&lt;/pre&gt;
&lt;/div&gt;

&lt;p&gt;We also need the opposite method to find a session we’ve previously stored using the &lt;a href=&quot;http://redis.io/commands/GET&quot;&gt;&lt;code class=&quot;highlighter-rouge&quot;&gt;get&lt;/code&gt;&lt;/a&gt; method to fetch the key data.&lt;/p&gt;

&lt;div class=&quot;language-ruby highlighter-rouge&quot;&gt;&lt;pre class=&quot;highlight&quot;&gt;&lt;code&gt;&lt;span class=&quot;k&quot;&gt;def&lt;/span&gt; &lt;span class=&quot;nc&quot;&gt;self&lt;/span&gt;&lt;span class=&quot;o&quot;&gt;.&lt;/span&gt;&lt;span class=&quot;nf&quot;&gt;find&lt;/span&gt;&lt;span class=&quot;p&quot;&gt;(&lt;/span&gt;&lt;span class=&quot;nb&quot;&gt;id&lt;/span&gt;&lt;span class=&quot;p&quot;&gt;)&lt;/span&gt;
  &lt;span class=&quot;n&quot;&gt;data&lt;/span&gt; &lt;span class=&quot;o&quot;&gt;=&lt;/span&gt; &lt;span class=&quot;n&quot;&gt;redis&lt;/span&gt;&lt;span class=&quot;p&quot;&gt;.&lt;/span&gt;&lt;span class=&quot;nf&quot;&gt;get&lt;/span&gt;&lt;span class=&quot;p&quot;&gt;(&lt;/span&gt;&lt;span class=&quot;n&quot;&gt;key&lt;/span&gt;&lt;span class=&quot;p&quot;&gt;(&lt;/span&gt;&lt;span class=&quot;nb&quot;&gt;id&lt;/span&gt;&lt;span class=&quot;p&quot;&gt;))&lt;/span&gt; &lt;span class=&quot;n&quot;&gt;or&lt;/span&gt; &lt;span class=&quot;k&quot;&gt;raise&lt;/span&gt; &lt;span class=&quot;s1&quot;&gt;'Not Found'&lt;/span&gt;
  &lt;span class=&quot;n&quot;&gt;attributes&lt;/span&gt; &lt;span class=&quot;o&quot;&gt;=&lt;/span&gt; &lt;span class=&quot;no&quot;&gt;JSON&lt;/span&gt;&lt;span class=&quot;p&quot;&gt;.&lt;/span&gt;&lt;span class=&quot;nf&quot;&gt;parse&lt;/span&gt;&lt;span class=&quot;p&quot;&gt;(&lt;/span&gt;&lt;span class=&quot;n&quot;&gt;data&lt;/span&gt;&lt;span class=&quot;p&quot;&gt;).&lt;/span&gt;&lt;span class=&quot;nf&quot;&gt;merge&lt;/span&gt;&lt;span class=&quot;p&quot;&gt;(&lt;/span&gt;&lt;span class=&quot;ss&quot;&gt;id: &lt;/span&gt;&lt;span class=&quot;nb&quot;&gt;id&lt;/span&gt;&lt;span class=&quot;p&quot;&gt;).&lt;/span&gt;&lt;span class=&quot;nf&quot;&gt;with_indifferent_access&lt;/span&gt;
  &lt;span class=&quot;n&quot;&gt;attributes&lt;/span&gt;&lt;span class=&quot;p&quot;&gt;[&lt;/span&gt;&lt;span class=&quot;ss&quot;&gt;:expires_at&lt;/span&gt;&lt;span class=&quot;p&quot;&gt;]&lt;/span&gt; &lt;span class=&quot;o&quot;&gt;=&lt;/span&gt; &lt;span class=&quot;no&quot;&gt;Time&lt;/span&gt;&lt;span class=&quot;p&quot;&gt;.&lt;/span&gt;&lt;span class=&quot;nf&quot;&gt;at&lt;/span&gt;&lt;span class=&quot;p&quot;&gt;(&lt;/span&gt;&lt;span class=&quot;n&quot;&gt;attributes&lt;/span&gt;&lt;span class=&quot;p&quot;&gt;[&lt;/span&gt;&lt;span class=&quot;ss&quot;&gt;:expires_at&lt;/span&gt;&lt;span class=&quot;p&quot;&gt;]).&lt;/span&gt;&lt;span class=&quot;nf&quot;&gt;utc&lt;/span&gt;
  &lt;span class=&quot;kp&quot;&gt;new&lt;/span&gt;&lt;span class=&quot;p&quot;&gt;(&lt;/span&gt;&lt;span class=&quot;n&quot;&gt;attributes&lt;/span&gt;&lt;span class=&quot;p&quot;&gt;)&lt;/span&gt;
&lt;span class=&quot;k&quot;&gt;end&lt;/span&gt;
&lt;/code&gt;&lt;/pre&gt;
&lt;/div&gt;

&lt;p&gt;Hopefully there’s nothing too controversial there. The implementation is short and easy to understand, and the keys and values stored in Redis are human readable which can be useful for troubleshooting. It gives us a good starting point to see what effect various optimisations have on memory usage.&lt;/p&gt;

&lt;h2 id=&quot;benchmarking&quot;&gt;Benchmarking&lt;/h2&gt;

&lt;p&gt;To make sure there’s nothing else in Redis flush the databases and check that only the minimum amount of memory is being used.&lt;/p&gt;

&lt;div class=&quot;highlighter-rouge&quot;&gt;&lt;pre class=&quot;highlight&quot;&gt;&lt;code&gt;$ redis-cli flushall
OK
$ redis-cli info | grep used_memory_human
used_memory_human:984.64K
&lt;/code&gt;&lt;/pre&gt;
&lt;/div&gt;

&lt;p&gt;Then in &lt;code class=&quot;highlighter-rouge&quot;&gt;irb&lt;/code&gt; we can start populating sessions by repeatedly inserting 100k sessions:&lt;/p&gt;

&lt;div class=&quot;highlighter-rouge&quot;&gt;&lt;pre class=&quot;highlight&quot;&gt;&lt;code&gt;irb&amp;gt; 100_000.times { |n| Session.new(identity_id: n).save! }
 =&amp;gt; 100000
&lt;/code&gt;&lt;/pre&gt;
&lt;/div&gt;

&lt;p&gt;For every iteration we query the Redis memory used:&lt;/p&gt;

&lt;div class=&quot;highlighter-rouge&quot;&gt;&lt;pre class=&quot;highlight&quot;&gt;&lt;code&gt;$ redis-cli info | grep used_memory_human
used_memory_human:24.95M
&lt;/code&gt;&lt;/pre&gt;
&lt;/div&gt;

&lt;p&gt;Repeating this process until we’ve got a million sessions stored gives us enough data points to be able to see a trend emerging. This gives us our baseline memory usage for the quickest and easiest implementation:&lt;/p&gt;

&lt;figure&gt;
  &lt;p&gt;&lt;img src=&quot;/images/posts/optimising-session-key-storage/baseline.png&quot; alt=&quot;Baseline memory usage&quot; /&gt;&lt;/p&gt;
&lt;/figure&gt;

&lt;p&gt;The memory usage is linear, as you’d expect, and we’re using around 230MB to store every 1M sessions. This seems like quite a lot as we know our key size is 48 bytes (“session:” plus a 40 character string) and the data averages out at 45 bytes, so we might reasonably expect memory usage to only be around 93MB. This indicates there’s around 130-140 bytes overhead &lt;em&gt;per key&lt;/em&gt; in Redis which is significantly larger than the data we’re storing.&lt;/p&gt;

&lt;p&gt;However, given you can scale RedisGreen to 30GB and we use a dedicated store for sessions, it seems we could support 100M sessions without any real problems so perhaps there’s no point in trying to optimise this. But let’s do it anyway, because it’s interesting, and it could save us some cash on hosting costs.&lt;/p&gt;

&lt;h2 id=&quot;iteration-1-binary-packing&quot;&gt;Iteration 1: Binary packing&lt;/h2&gt;

&lt;p&gt;The first change we can make is to turn the hex session ID back into binary, which almost halves the size of the key. Redis strings are binary-safe so we don’t need to worry about any encoding issues there, but we need to make sure we’re dealing with &lt;code class=&quot;highlighter-rouge&quot;&gt;ASCII-8BIT&lt;/code&gt; strings in Ruby rather than the usual &lt;code class=&quot;highlighter-rouge&quot;&gt;UTF-8&lt;/code&gt;.&lt;/p&gt;

&lt;div class=&quot;language-ruby highlighter-rouge&quot;&gt;&lt;pre class=&quot;highlight&quot;&gt;&lt;code&gt;&lt;span class=&quot;k&quot;&gt;def&lt;/span&gt; &lt;span class=&quot;nc&quot;&gt;self&lt;/span&gt;&lt;span class=&quot;o&quot;&gt;.&lt;/span&gt;&lt;span class=&quot;nf&quot;&gt;key&lt;/span&gt;&lt;span class=&quot;p&quot;&gt;(&lt;/span&gt;&lt;span class=&quot;nb&quot;&gt;id&lt;/span&gt;&lt;span class=&quot;p&quot;&gt;)&lt;/span&gt;
  &lt;span class=&quot;s2&quot;&gt;&quot;session:&quot;&lt;/span&gt;&lt;span class=&quot;p&quot;&gt;.&lt;/span&gt;&lt;span class=&quot;nf&quot;&gt;force_encoding&lt;/span&gt;&lt;span class=&quot;p&quot;&gt;(&lt;/span&gt;&lt;span class=&quot;s1&quot;&gt;'ASCII-8BIT'&lt;/span&gt;&lt;span class=&quot;p&quot;&gt;)&lt;/span&gt; &lt;span class=&quot;o&quot;&gt;+&lt;/span&gt; &lt;span class=&quot;p&quot;&gt;[&lt;/span&gt;&lt;span class=&quot;nb&quot;&gt;id&lt;/span&gt;&lt;span class=&quot;p&quot;&gt;].&lt;/span&gt;&lt;span class=&quot;nf&quot;&gt;pack&lt;/span&gt;&lt;span class=&quot;p&quot;&gt;(&lt;/span&gt;&lt;span class=&quot;s1&quot;&gt;'H*'&lt;/span&gt;&lt;span class=&quot;p&quot;&gt;)&lt;/span&gt;
&lt;span class=&quot;k&quot;&gt;end&lt;/span&gt;
&lt;/code&gt;&lt;/pre&gt;
&lt;/div&gt;

&lt;p&gt;We can also make the data much smaller by switching to the &lt;a href=&quot;http://msgpack.org/index.html&quot;&gt;MessagePack&lt;/a&gt; format and using single byte keys rather than the full attribute name:&lt;/p&gt;

&lt;div class=&quot;language-ruby highlighter-rouge&quot;&gt;&lt;pre class=&quot;highlight&quot;&gt;&lt;code&gt;&lt;span class=&quot;k&quot;&gt;def&lt;/span&gt; &lt;span class=&quot;nf&quot;&gt;save!&lt;/span&gt;
  &lt;span class=&quot;n&quot;&gt;ttl&lt;/span&gt; &lt;span class=&quot;o&quot;&gt;=&lt;/span&gt; &lt;span class=&quot;n&quot;&gt;expires_at&lt;/span&gt; &lt;span class=&quot;o&quot;&gt;-&lt;/span&gt; &lt;span class=&quot;no&quot;&gt;Time&lt;/span&gt;&lt;span class=&quot;p&quot;&gt;.&lt;/span&gt;&lt;span class=&quot;nf&quot;&gt;current&lt;/span&gt;
  &lt;span class=&quot;n&quot;&gt;data&lt;/span&gt; &lt;span class=&quot;o&quot;&gt;=&lt;/span&gt; &lt;span class=&quot;p&quot;&gt;{&lt;/span&gt; &lt;span class=&quot;ss&quot;&gt;i: &lt;/span&gt;&lt;span class=&quot;n&quot;&gt;identity_id&lt;/span&gt;&lt;span class=&quot;p&quot;&gt;,&lt;/span&gt; &lt;span class=&quot;ss&quot;&gt;x: &lt;/span&gt;&lt;span class=&quot;n&quot;&gt;expires_at&lt;/span&gt;&lt;span class=&quot;p&quot;&gt;.&lt;/span&gt;&lt;span class=&quot;nf&quot;&gt;to_i&lt;/span&gt; &lt;span class=&quot;p&quot;&gt;}.&lt;/span&gt;&lt;span class=&quot;nf&quot;&gt;to_msgpack&lt;/span&gt;
  &lt;span class=&quot;n&quot;&gt;redis&lt;/span&gt;&lt;span class=&quot;p&quot;&gt;.&lt;/span&gt;&lt;span class=&quot;nf&quot;&gt;setex&lt;/span&gt;&lt;span class=&quot;p&quot;&gt;(&lt;/span&gt;&lt;span class=&quot;nb&quot;&gt;self&lt;/span&gt;&lt;span class=&quot;p&quot;&gt;.&lt;/span&gt;&lt;span class=&quot;nf&quot;&gt;class&lt;/span&gt;&lt;span class=&quot;p&quot;&gt;.&lt;/span&gt;&lt;span class=&quot;nf&quot;&gt;key&lt;/span&gt;&lt;span class=&quot;p&quot;&gt;(&lt;/span&gt;&lt;span class=&quot;nb&quot;&gt;id&lt;/span&gt;&lt;span class=&quot;p&quot;&gt;),&lt;/span&gt; &lt;span class=&quot;n&quot;&gt;ttl&lt;/span&gt;&lt;span class=&quot;p&quot;&gt;.&lt;/span&gt;&lt;span class=&quot;nf&quot;&gt;to_i&lt;/span&gt;&lt;span class=&quot;p&quot;&gt;,&lt;/span&gt; &lt;span class=&quot;n&quot;&gt;data&lt;/span&gt;&lt;span class=&quot;p&quot;&gt;)&lt;/span&gt;
&lt;span class=&quot;k&quot;&gt;end&lt;/span&gt;
&lt;/code&gt;&lt;/pre&gt;
&lt;/div&gt;

&lt;p&gt;This of course needs some corresponding changes to the find method:&lt;/p&gt;

&lt;div class=&quot;language-ruby highlighter-rouge&quot;&gt;&lt;pre class=&quot;highlight&quot;&gt;&lt;code&gt;&lt;span class=&quot;k&quot;&gt;def&lt;/span&gt; &lt;span class=&quot;nc&quot;&gt;self&lt;/span&gt;&lt;span class=&quot;o&quot;&gt;.&lt;/span&gt;&lt;span class=&quot;nf&quot;&gt;find&lt;/span&gt;&lt;span class=&quot;p&quot;&gt;(&lt;/span&gt;&lt;span class=&quot;nb&quot;&gt;id&lt;/span&gt;&lt;span class=&quot;p&quot;&gt;)&lt;/span&gt;
  &lt;span class=&quot;n&quot;&gt;data&lt;/span&gt; &lt;span class=&quot;o&quot;&gt;=&lt;/span&gt; &lt;span class=&quot;n&quot;&gt;redis&lt;/span&gt;&lt;span class=&quot;p&quot;&gt;.&lt;/span&gt;&lt;span class=&quot;nf&quot;&gt;get&lt;/span&gt;&lt;span class=&quot;p&quot;&gt;(&lt;/span&gt;&lt;span class=&quot;n&quot;&gt;key&lt;/span&gt;&lt;span class=&quot;p&quot;&gt;(&lt;/span&gt;&lt;span class=&quot;nb&quot;&gt;id&lt;/span&gt;&lt;span class=&quot;p&quot;&gt;))&lt;/span&gt; &lt;span class=&quot;n&quot;&gt;or&lt;/span&gt; &lt;span class=&quot;k&quot;&gt;raise&lt;/span&gt; &lt;span class=&quot;s1&quot;&gt;'Not Found'&lt;/span&gt;
  &lt;span class=&quot;n&quot;&gt;attributes&lt;/span&gt; &lt;span class=&quot;o&quot;&gt;=&lt;/span&gt; &lt;span class=&quot;no&quot;&gt;MessagePack&lt;/span&gt;&lt;span class=&quot;p&quot;&gt;.&lt;/span&gt;&lt;span class=&quot;nf&quot;&gt;unpack&lt;/span&gt;&lt;span class=&quot;p&quot;&gt;(&lt;/span&gt;&lt;span class=&quot;n&quot;&gt;data&lt;/span&gt;&lt;span class=&quot;p&quot;&gt;).&lt;/span&gt;&lt;span class=&quot;nf&quot;&gt;merge&lt;/span&gt;&lt;span class=&quot;p&quot;&gt;(&lt;/span&gt;&lt;span class=&quot;ss&quot;&gt;id: &lt;/span&gt;&lt;span class=&quot;nb&quot;&gt;id&lt;/span&gt;&lt;span class=&quot;p&quot;&gt;).&lt;/span&gt;&lt;span class=&quot;nf&quot;&gt;with_indifferent_access&lt;/span&gt;
  &lt;span class=&quot;n&quot;&gt;attributes&lt;/span&gt;&lt;span class=&quot;p&quot;&gt;[&lt;/span&gt;&lt;span class=&quot;ss&quot;&gt;:identity_id&lt;/span&gt;&lt;span class=&quot;p&quot;&gt;]&lt;/span&gt; &lt;span class=&quot;o&quot;&gt;=&lt;/span&gt; &lt;span class=&quot;n&quot;&gt;attributes&lt;/span&gt;&lt;span class=&quot;p&quot;&gt;.&lt;/span&gt;&lt;span class=&quot;nf&quot;&gt;delete&lt;/span&gt;&lt;span class=&quot;p&quot;&gt;(&lt;/span&gt;&lt;span class=&quot;ss&quot;&gt;:i&lt;/span&gt;&lt;span class=&quot;p&quot;&gt;)&lt;/span&gt;
  &lt;span class=&quot;n&quot;&gt;attributes&lt;/span&gt;&lt;span class=&quot;p&quot;&gt;[&lt;/span&gt;&lt;span class=&quot;ss&quot;&gt;:expires_at&lt;/span&gt;&lt;span class=&quot;p&quot;&gt;]&lt;/span&gt; &lt;span class=&quot;o&quot;&gt;=&lt;/span&gt; &lt;span class=&quot;no&quot;&gt;Time&lt;/span&gt;&lt;span class=&quot;p&quot;&gt;.&lt;/span&gt;&lt;span class=&quot;nf&quot;&gt;at&lt;/span&gt;&lt;span class=&quot;p&quot;&gt;(&lt;/span&gt;&lt;span class=&quot;n&quot;&gt;attributes&lt;/span&gt;&lt;span class=&quot;p&quot;&gt;.&lt;/span&gt;&lt;span class=&quot;nf&quot;&gt;delete&lt;/span&gt;&lt;span class=&quot;p&quot;&gt;(&lt;/span&gt;&lt;span class=&quot;ss&quot;&gt;:x&lt;/span&gt;&lt;span class=&quot;p&quot;&gt;)).&lt;/span&gt;&lt;span class=&quot;nf&quot;&gt;utc&lt;/span&gt;
  &lt;span class=&quot;kp&quot;&gt;new&lt;/span&gt;&lt;span class=&quot;p&quot;&gt;(&lt;/span&gt;&lt;span class=&quot;n&quot;&gt;attributes&lt;/span&gt;&lt;span class=&quot;p&quot;&gt;)&lt;/span&gt;
&lt;span class=&quot;k&quot;&gt;end&lt;/span&gt;
&lt;/code&gt;&lt;/pre&gt;
&lt;/div&gt;

&lt;p&gt;These changes give us a 25% reduction in memory usage, which isn’t as much as you might expect given we’ve dropped the key from 48 to 28 bytes, and reduced the data from an average of 45 bytes to around 15.&lt;/p&gt;

&lt;figure&gt;
  &lt;p&gt;&lt;img src=&quot;/images/posts/optimising-session-key-storage/binary-packing.png&quot; alt=&quot;Binary packing memory usage&quot; /&gt;&lt;/p&gt;
&lt;/figure&gt;

&lt;p&gt;However, taking into account the previous observation that there’s a per-key overhead of 130-140 bytes in Redis things do match up. The old key/value was 93 bytes which with overhead is around 230, and the new one is 43 which with overhead is 178. As 178/230 = 0.77 it’s fairly good validation that the cost per key really is significant.&lt;/p&gt;

&lt;h2 id=&quot;iteration-2-hash-per-session&quot;&gt;Iteration 2: HASH per session&lt;/h2&gt;

&lt;p&gt;We know that reducing our data size isn’t going to get us much further as we’re dealing mostly with overhead now. But just to exhaust the possibilities for a key per session, let’s measure using a native Redis HASH to store the session attributes using &lt;a href=&quot;http://redis.io/commands/HMSET&quot;&gt;&lt;code class=&quot;highlighter-rouge&quot;&gt;hmset&lt;/code&gt;&lt;/a&gt; and &lt;a href=&quot;http://redis.io/commands/EXPIRE&quot;&gt;&lt;code class=&quot;highlighter-rouge&quot;&gt;expire&lt;/code&gt;&lt;/a&gt;. These are wrapped in a transaction using &lt;a href=&quot;http://redis.io/commands/MULTI&quot;&gt;&lt;code class=&quot;highlighter-rouge&quot;&gt;multi&lt;/code&gt;&lt;/a&gt; to ensure that we don’t have any non-expiring sessions.&lt;/p&gt;

&lt;div class=&quot;language-ruby highlighter-rouge&quot;&gt;&lt;pre class=&quot;highlight&quot;&gt;&lt;code&gt;&lt;span class=&quot;k&quot;&gt;def&lt;/span&gt; &lt;span class=&quot;nf&quot;&gt;save!&lt;/span&gt;
  &lt;span class=&quot;n&quot;&gt;ttl&lt;/span&gt; &lt;span class=&quot;o&quot;&gt;=&lt;/span&gt; &lt;span class=&quot;n&quot;&gt;expires_at&lt;/span&gt; &lt;span class=&quot;o&quot;&gt;-&lt;/span&gt; &lt;span class=&quot;no&quot;&gt;Time&lt;/span&gt;&lt;span class=&quot;p&quot;&gt;.&lt;/span&gt;&lt;span class=&quot;nf&quot;&gt;current&lt;/span&gt;
  &lt;span class=&quot;n&quot;&gt;redis&lt;/span&gt;&lt;span class=&quot;p&quot;&gt;.&lt;/span&gt;&lt;span class=&quot;nf&quot;&gt;multi&lt;/span&gt; &lt;span class=&quot;k&quot;&gt;do&lt;/span&gt; &lt;span class=&quot;o&quot;&gt;|&lt;/span&gt;&lt;span class=&quot;n&quot;&gt;r&lt;/span&gt;&lt;span class=&quot;o&quot;&gt;|&lt;/span&gt;
    &lt;span class=&quot;n&quot;&gt;r&lt;/span&gt;&lt;span class=&quot;p&quot;&gt;.&lt;/span&gt;&lt;span class=&quot;nf&quot;&gt;hmset&lt;/span&gt;&lt;span class=&quot;p&quot;&gt;(&lt;/span&gt;&lt;span class=&quot;nb&quot;&gt;self&lt;/span&gt;&lt;span class=&quot;p&quot;&gt;.&lt;/span&gt;&lt;span class=&quot;nf&quot;&gt;class&lt;/span&gt;&lt;span class=&quot;p&quot;&gt;.&lt;/span&gt;&lt;span class=&quot;nf&quot;&gt;key&lt;/span&gt;&lt;span class=&quot;p&quot;&gt;(&lt;/span&gt;&lt;span class=&quot;nb&quot;&gt;id&lt;/span&gt;&lt;span class=&quot;p&quot;&gt;),&lt;/span&gt; &lt;span class=&quot;ss&quot;&gt;:i&lt;/span&gt;&lt;span class=&quot;p&quot;&gt;,&lt;/span&gt; &lt;span class=&quot;n&quot;&gt;identity_id&lt;/span&gt;&lt;span class=&quot;p&quot;&gt;,&lt;/span&gt; &lt;span class=&quot;ss&quot;&gt;:x&lt;/span&gt;&lt;span class=&quot;p&quot;&gt;,&lt;/span&gt; &lt;span class=&quot;n&quot;&gt;expiry&lt;/span&gt;&lt;span class=&quot;p&quot;&gt;.&lt;/span&gt;&lt;span class=&quot;nf&quot;&gt;to_i&lt;/span&gt;&lt;span class=&quot;p&quot;&gt;)&lt;/span&gt;
    &lt;span class=&quot;n&quot;&gt;r&lt;/span&gt;&lt;span class=&quot;p&quot;&gt;.&lt;/span&gt;&lt;span class=&quot;nf&quot;&gt;expire&lt;/span&gt;&lt;span class=&quot;p&quot;&gt;(&lt;/span&gt;&lt;span class=&quot;nb&quot;&gt;self&lt;/span&gt;&lt;span class=&quot;p&quot;&gt;.&lt;/span&gt;&lt;span class=&quot;nf&quot;&gt;class&lt;/span&gt;&lt;span class=&quot;p&quot;&gt;.&lt;/span&gt;&lt;span class=&quot;nf&quot;&gt;key&lt;/span&gt;&lt;span class=&quot;p&quot;&gt;(&lt;/span&gt;&lt;span class=&quot;nb&quot;&gt;id&lt;/span&gt;&lt;span class=&quot;p&quot;&gt;),&lt;/span&gt; &lt;span class=&quot;n&quot;&gt;ttl&lt;/span&gt;&lt;span class=&quot;p&quot;&gt;.&lt;/span&gt;&lt;span class=&quot;nf&quot;&gt;to_i&lt;/span&gt;&lt;span class=&quot;p&quot;&gt;)&lt;/span&gt;
  &lt;span class=&quot;k&quot;&gt;end&lt;/span&gt;
&lt;span class=&quot;k&quot;&gt;end&lt;/span&gt;
&lt;/code&gt;&lt;/pre&gt;
&lt;/div&gt;

&lt;p&gt;This needs a bit of a change to the find method to use &lt;a href=&quot;http://redis.io/commands/HGETALL&quot;&gt;&lt;code class=&quot;highlighter-rouge&quot;&gt;hgetall&lt;/code&gt;&lt;/a&gt;.&lt;/p&gt;

&lt;div class=&quot;language-ruby highlighter-rouge&quot;&gt;&lt;pre class=&quot;highlight&quot;&gt;&lt;code&gt;&lt;span class=&quot;k&quot;&gt;def&lt;/span&gt; &lt;span class=&quot;nc&quot;&gt;self&lt;/span&gt;&lt;span class=&quot;o&quot;&gt;.&lt;/span&gt;&lt;span class=&quot;nf&quot;&gt;find&lt;/span&gt;&lt;span class=&quot;p&quot;&gt;(&lt;/span&gt;&lt;span class=&quot;nb&quot;&gt;id&lt;/span&gt;&lt;span class=&quot;p&quot;&gt;)&lt;/span&gt;
  &lt;span class=&quot;n&quot;&gt;data&lt;/span&gt; &lt;span class=&quot;o&quot;&gt;=&lt;/span&gt; &lt;span class=&quot;n&quot;&gt;redis&lt;/span&gt;&lt;span class=&quot;p&quot;&gt;.&lt;/span&gt;&lt;span class=&quot;nf&quot;&gt;hgetall&lt;/span&gt;&lt;span class=&quot;p&quot;&gt;(&lt;/span&gt;&lt;span class=&quot;n&quot;&gt;key&lt;/span&gt;&lt;span class=&quot;p&quot;&gt;(&lt;/span&gt;&lt;span class=&quot;nb&quot;&gt;id&lt;/span&gt;&lt;span class=&quot;p&quot;&gt;)).&lt;/span&gt;&lt;span class=&quot;nf&quot;&gt;with_indifferent_access&lt;/span&gt;
  &lt;span class=&quot;k&quot;&gt;raise&lt;/span&gt; &lt;span class=&quot;s1&quot;&gt;'Not Found'&lt;/span&gt; &lt;span class=&quot;k&quot;&gt;if&lt;/span&gt; &lt;span class=&quot;n&quot;&gt;data&lt;/span&gt;&lt;span class=&quot;p&quot;&gt;.&lt;/span&gt;&lt;span class=&quot;nf&quot;&gt;empty?&lt;/span&gt;
  &lt;span class=&quot;n&quot;&gt;attributes&lt;/span&gt;&lt;span class=&quot;p&quot;&gt;[&lt;/span&gt;&lt;span class=&quot;ss&quot;&gt;:identity_id&lt;/span&gt;&lt;span class=&quot;p&quot;&gt;]&lt;/span&gt; &lt;span class=&quot;o&quot;&gt;=&lt;/span&gt; &lt;span class=&quot;no&quot;&gt;Integer&lt;/span&gt;&lt;span class=&quot;p&quot;&gt;(&lt;/span&gt;&lt;span class=&quot;n&quot;&gt;attributes&lt;/span&gt;&lt;span class=&quot;p&quot;&gt;.&lt;/span&gt;&lt;span class=&quot;nf&quot;&gt;delete&lt;/span&gt;&lt;span class=&quot;p&quot;&gt;(&lt;/span&gt;&lt;span class=&quot;ss&quot;&gt;:i&lt;/span&gt;&lt;span class=&quot;p&quot;&gt;))&lt;/span&gt;
  &lt;span class=&quot;n&quot;&gt;attributes&lt;/span&gt;&lt;span class=&quot;p&quot;&gt;[&lt;/span&gt;&lt;span class=&quot;ss&quot;&gt;:expires_at&lt;/span&gt;&lt;span class=&quot;p&quot;&gt;]&lt;/span&gt; &lt;span class=&quot;o&quot;&gt;=&lt;/span&gt; &lt;span class=&quot;no&quot;&gt;Time&lt;/span&gt;&lt;span class=&quot;p&quot;&gt;.&lt;/span&gt;&lt;span class=&quot;nf&quot;&gt;at&lt;/span&gt;&lt;span class=&quot;p&quot;&gt;(&lt;/span&gt;&lt;span class=&quot;no&quot;&gt;Integer&lt;/span&gt;&lt;span class=&quot;p&quot;&gt;(&lt;/span&gt;&lt;span class=&quot;n&quot;&gt;attributes&lt;/span&gt;&lt;span class=&quot;p&quot;&gt;.&lt;/span&gt;&lt;span class=&quot;nf&quot;&gt;delete&lt;/span&gt;&lt;span class=&quot;p&quot;&gt;(&lt;/span&gt;&lt;span class=&quot;ss&quot;&gt;:x&lt;/span&gt;&lt;span class=&quot;p&quot;&gt;))).&lt;/span&gt;&lt;span class=&quot;nf&quot;&gt;utc&lt;/span&gt;
  &lt;span class=&quot;kp&quot;&gt;new&lt;/span&gt;&lt;span class=&quot;p&quot;&gt;(&lt;/span&gt;&lt;span class=&quot;n&quot;&gt;attributes&lt;/span&gt;&lt;span class=&quot;p&quot;&gt;)&lt;/span&gt;
&lt;span class=&quot;k&quot;&gt;end&lt;/span&gt;
&lt;/code&gt;&lt;/pre&gt;
&lt;/div&gt;

&lt;p&gt;Making this change shows a small improvement over the msgpack serialised value so if you’re ever wondering whether to serialise attributes into a blob then, at least from a memory usage point of view, you shouldn’t as Redis can persist it more efficiently than you can.&lt;/p&gt;

&lt;figure&gt;
  &lt;p&gt;&lt;img src=&quot;/images/posts/optimising-session-key-storage/hash.png&quot; alt=&quot;Hash memory usage&quot; /&gt;&lt;/p&gt;
&lt;/figure&gt;

&lt;p&gt;With a couple of changes to convert the key to binary and use a Redis HASH to store the values rather than JSON we’ve improved the memory usage by almost 35% which is definitely worthwhile for a couple of changed lines of code. However, if we want to do better than that we’re going to have to change tactics and stop using a key for each session to avoid the overhead it incurs.&lt;/p&gt;

&lt;h2 id=&quot;iteration-3-partitioned-hash--zset&quot;&gt;Iteration 3: Partitioned HASH + ZSET&lt;/h2&gt;

&lt;p&gt;The &lt;a href=&quot;http://redis.io/topics/memory-optimization&quot;&gt;Redis memory optimisation page&lt;/a&gt; suggests that by storing multiple sessions in a partitioned HASH we can avoid the per-key memory overhead associated with each session. Unfortunately though, it’s not possible to set an expiry time on the keys within a HASH.&lt;/p&gt;

&lt;p&gt;To allow us to expire they keys, we’ll store the session ID in a ZSET scored by expiry date, and then have a background job that can walk through those and remove expired sessions from the HASH before deleting the expired range from the ZSET. This is clearly more work than just setting the expiry in Redis.&lt;/p&gt;

&lt;p&gt;We need a number of different keys, and using the first two characters of the session ID as the partition identifier will give us 16**2 = 256 partitions.&lt;/p&gt;

&lt;div class=&quot;language-ruby highlighter-rouge&quot;&gt;&lt;pre class=&quot;highlight&quot;&gt;&lt;code&gt;&lt;span class=&quot;no&quot;&gt;PREFIX_SIZE&lt;/span&gt; &lt;span class=&quot;o&quot;&gt;=&lt;/span&gt; &lt;span class=&quot;mi&quot;&gt;2&lt;/span&gt;

&lt;span class=&quot;k&quot;&gt;def&lt;/span&gt; &lt;span class=&quot;nc&quot;&gt;self&lt;/span&gt;&lt;span class=&quot;o&quot;&gt;.&lt;/span&gt;&lt;span class=&quot;nf&quot;&gt;data_key&lt;/span&gt;&lt;span class=&quot;p&quot;&gt;(&lt;/span&gt;&lt;span class=&quot;nb&quot;&gt;id&lt;/span&gt;&lt;span class=&quot;p&quot;&gt;)&lt;/span&gt;
  &lt;span class=&quot;s2&quot;&gt;&quot;session:data:&lt;/span&gt;&lt;span class=&quot;si&quot;&gt;#{&lt;/span&gt;&lt;span class=&quot;nb&quot;&gt;id&lt;/span&gt;&lt;span class=&quot;p&quot;&gt;[&lt;/span&gt;&lt;span class=&quot;mi&quot;&gt;0&lt;/span&gt;&lt;span class=&quot;p&quot;&gt;.&lt;/span&gt;&lt;span class=&quot;nf&quot;&gt;.&lt;/span&gt;&lt;span class=&quot;p&quot;&gt;(&lt;/span&gt;&lt;span class=&quot;no&quot;&gt;PREFIX_SIZE&lt;/span&gt; &lt;span class=&quot;o&quot;&gt;-&lt;/span&gt; &lt;span class=&quot;mi&quot;&gt;1&lt;/span&gt;&lt;span class=&quot;p&quot;&gt;)]&lt;/span&gt;&lt;span class=&quot;si&quot;&gt;}&lt;/span&gt;&lt;span class=&quot;s2&quot;&gt;&quot;&lt;/span&gt;
&lt;span class=&quot;k&quot;&gt;end&lt;/span&gt;

&lt;span class=&quot;k&quot;&gt;def&lt;/span&gt; &lt;span class=&quot;nc&quot;&gt;self&lt;/span&gt;&lt;span class=&quot;o&quot;&gt;.&lt;/span&gt;&lt;span class=&quot;nf&quot;&gt;expiry_key&lt;/span&gt;&lt;span class=&quot;p&quot;&gt;(&lt;/span&gt;&lt;span class=&quot;nb&quot;&gt;id&lt;/span&gt;&lt;span class=&quot;p&quot;&gt;)&lt;/span&gt;
  &lt;span class=&quot;s2&quot;&gt;&quot;session:expiry:&lt;/span&gt;&lt;span class=&quot;si&quot;&gt;#{&lt;/span&gt;&lt;span class=&quot;nb&quot;&gt;id&lt;/span&gt;&lt;span class=&quot;p&quot;&gt;[&lt;/span&gt;&lt;span class=&quot;mi&quot;&gt;0&lt;/span&gt;&lt;span class=&quot;p&quot;&gt;.&lt;/span&gt;&lt;span class=&quot;nf&quot;&gt;.&lt;/span&gt;&lt;span class=&quot;p&quot;&gt;(&lt;/span&gt;&lt;span class=&quot;no&quot;&gt;PREFIX_SIZE&lt;/span&gt; &lt;span class=&quot;o&quot;&gt;-&lt;/span&gt; &lt;span class=&quot;mi&quot;&gt;1&lt;/span&gt;&lt;span class=&quot;p&quot;&gt;)]&lt;/span&gt;&lt;span class=&quot;si&quot;&gt;}&lt;/span&gt;&lt;span class=&quot;s2&quot;&gt;&quot;&lt;/span&gt;
&lt;span class=&quot;k&quot;&gt;end&lt;/span&gt;

&lt;span class=&quot;k&quot;&gt;def&lt;/span&gt; &lt;span class=&quot;nc&quot;&gt;self&lt;/span&gt;&lt;span class=&quot;o&quot;&gt;.&lt;/span&gt;&lt;span class=&quot;nf&quot;&gt;sub_key&lt;/span&gt;&lt;span class=&quot;p&quot;&gt;(&lt;/span&gt;&lt;span class=&quot;nb&quot;&gt;id&lt;/span&gt;&lt;span class=&quot;p&quot;&gt;)&lt;/span&gt;
  &lt;span class=&quot;p&quot;&gt;[&lt;/span&gt;&lt;span class=&quot;nb&quot;&gt;id&lt;/span&gt;&lt;span class=&quot;p&quot;&gt;[&lt;/span&gt;&lt;span class=&quot;no&quot;&gt;PREFIX_SIZE&lt;/span&gt;&lt;span class=&quot;p&quot;&gt;.&lt;/span&gt;&lt;span class=&quot;nf&quot;&gt;.&lt;/span&gt;&lt;span class=&quot;o&quot;&gt;-&lt;/span&gt;&lt;span class=&quot;mi&quot;&gt;1&lt;/span&gt;&lt;span class=&quot;p&quot;&gt;]].&lt;/span&gt;&lt;span class=&quot;nf&quot;&gt;pack&lt;/span&gt;&lt;span class=&quot;p&quot;&gt;(&lt;/span&gt;&lt;span class=&quot;s1&quot;&gt;'H*'&lt;/span&gt;&lt;span class=&quot;p&quot;&gt;)&lt;/span&gt;
&lt;span class=&quot;k&quot;&gt;end&lt;/span&gt;
&lt;/code&gt;&lt;/pre&gt;
&lt;/div&gt;

&lt;p&gt;The save method needs to change to use &lt;a href=&quot;http://redis.io/commands/HSET&quot;&gt;&lt;code class=&quot;highlighter-rouge&quot;&gt;hset&lt;/code&gt;&lt;/a&gt; and &lt;a href=&quot;http://redis.io/commands/ZADD&quot;&gt;&lt;code class=&quot;highlighter-rouge&quot;&gt;zadd&lt;/code&gt;&lt;/a&gt; to add to our HASH and ZSET structures respectively, again wrapped with &lt;code class=&quot;highlighter-rouge&quot;&gt;multi&lt;/code&gt;.&lt;/p&gt;

&lt;p&gt;As we can’t store a HASH within a HASH we’re going back to serialising the data in msgpack format. We could alternatively use &lt;em&gt;two&lt;/em&gt; HASH structures per session, &lt;code class=&quot;highlighter-rouge&quot;&gt;session:identity:*&lt;/code&gt; and &lt;code class=&quot;highlighter-rouge&quot;&gt;session:expires:*&lt;/code&gt;, and store each attribute separately, effectively using Redis as a columnar store. However, the key is fairly large here (around the same size as the serialised session data) so duplicating it across hashes would use more memory, and would also mean the find method has to do two fetches instead of one.&lt;/p&gt;

&lt;div class=&quot;language-ruby highlighter-rouge&quot;&gt;&lt;pre class=&quot;highlight&quot;&gt;&lt;code&gt;&lt;span class=&quot;k&quot;&gt;def&lt;/span&gt; &lt;span class=&quot;nf&quot;&gt;save!&lt;/span&gt;
  &lt;span class=&quot;n&quot;&gt;data&lt;/span&gt; &lt;span class=&quot;o&quot;&gt;=&lt;/span&gt; &lt;span class=&quot;p&quot;&gt;{&lt;/span&gt; &lt;span class=&quot;ss&quot;&gt;i: &lt;/span&gt;&lt;span class=&quot;n&quot;&gt;identity_id&lt;/span&gt;&lt;span class=&quot;p&quot;&gt;,&lt;/span&gt; &lt;span class=&quot;ss&quot;&gt;x: &lt;/span&gt;&lt;span class=&quot;n&quot;&gt;expires_at&lt;/span&gt;&lt;span class=&quot;p&quot;&gt;.&lt;/span&gt;&lt;span class=&quot;nf&quot;&gt;to_i&lt;/span&gt; &lt;span class=&quot;p&quot;&gt;}.&lt;/span&gt;&lt;span class=&quot;nf&quot;&gt;to_msgpack&lt;/span&gt;
  &lt;span class=&quot;n&quot;&gt;sub_key&lt;/span&gt; &lt;span class=&quot;o&quot;&gt;=&lt;/span&gt; &lt;span class=&quot;nb&quot;&gt;self&lt;/span&gt;&lt;span class=&quot;p&quot;&gt;.&lt;/span&gt;&lt;span class=&quot;nf&quot;&gt;class&lt;/span&gt;&lt;span class=&quot;p&quot;&gt;.&lt;/span&gt;&lt;span class=&quot;nf&quot;&gt;sub_key&lt;/span&gt;&lt;span class=&quot;p&quot;&gt;(&lt;/span&gt;&lt;span class=&quot;nb&quot;&gt;id&lt;/span&gt;&lt;span class=&quot;p&quot;&gt;)&lt;/span&gt;
  &lt;span class=&quot;n&quot;&gt;redis&lt;/span&gt;&lt;span class=&quot;p&quot;&gt;.&lt;/span&gt;&lt;span class=&quot;nf&quot;&gt;multi&lt;/span&gt; &lt;span class=&quot;k&quot;&gt;do&lt;/span&gt; &lt;span class=&quot;o&quot;&gt;|&lt;/span&gt;&lt;span class=&quot;n&quot;&gt;r&lt;/span&gt;&lt;span class=&quot;o&quot;&gt;|&lt;/span&gt;
    &lt;span class=&quot;n&quot;&gt;r&lt;/span&gt;&lt;span class=&quot;p&quot;&gt;.&lt;/span&gt;&lt;span class=&quot;nf&quot;&gt;hset&lt;/span&gt;&lt;span class=&quot;p&quot;&gt;(&lt;/span&gt;&lt;span class=&quot;nb&quot;&gt;self&lt;/span&gt;&lt;span class=&quot;p&quot;&gt;.&lt;/span&gt;&lt;span class=&quot;nf&quot;&gt;class&lt;/span&gt;&lt;span class=&quot;p&quot;&gt;.&lt;/span&gt;&lt;span class=&quot;nf&quot;&gt;data_key&lt;/span&gt;&lt;span class=&quot;p&quot;&gt;(&lt;/span&gt;&lt;span class=&quot;nb&quot;&gt;id&lt;/span&gt;&lt;span class=&quot;p&quot;&gt;),&lt;/span&gt; &lt;span class=&quot;n&quot;&gt;sub_key&lt;/span&gt;&lt;span class=&quot;p&quot;&gt;,&lt;/span&gt; &lt;span class=&quot;n&quot;&gt;data&lt;/span&gt;&lt;span class=&quot;p&quot;&gt;)&lt;/span&gt;
    &lt;span class=&quot;n&quot;&gt;r&lt;/span&gt;&lt;span class=&quot;p&quot;&gt;.&lt;/span&gt;&lt;span class=&quot;nf&quot;&gt;zadd&lt;/span&gt;&lt;span class=&quot;p&quot;&gt;(&lt;/span&gt;&lt;span class=&quot;nb&quot;&gt;self&lt;/span&gt;&lt;span class=&quot;p&quot;&gt;.&lt;/span&gt;&lt;span class=&quot;nf&quot;&gt;class&lt;/span&gt;&lt;span class=&quot;p&quot;&gt;.&lt;/span&gt;&lt;span class=&quot;nf&quot;&gt;expiry_key&lt;/span&gt;&lt;span class=&quot;p&quot;&gt;(&lt;/span&gt;&lt;span class=&quot;nb&quot;&gt;id&lt;/span&gt;&lt;span class=&quot;p&quot;&gt;),&lt;/span&gt; &lt;span class=&quot;n&quot;&gt;expires_at&lt;/span&gt;&lt;span class=&quot;p&quot;&gt;.&lt;/span&gt;&lt;span class=&quot;nf&quot;&gt;to_i&lt;/span&gt;&lt;span class=&quot;p&quot;&gt;,&lt;/span&gt; &lt;span class=&quot;n&quot;&gt;sub_key&lt;/span&gt;&lt;span class=&quot;p&quot;&gt;)&lt;/span&gt;
  &lt;span class=&quot;k&quot;&gt;end&lt;/span&gt;
&lt;span class=&quot;k&quot;&gt;end&lt;/span&gt;
&lt;/code&gt;&lt;/pre&gt;
&lt;/div&gt;

&lt;p&gt;Find now uses &lt;a href=&quot;http://redis.io/commands/HGET&quot;&gt;&lt;code class=&quot;highlighter-rouge&quot;&gt;hget&lt;/code&gt;&lt;/a&gt; to get the serialised data from the appropriate HASH.&lt;/p&gt;

&lt;div class=&quot;language-ruby highlighter-rouge&quot;&gt;&lt;pre class=&quot;highlight&quot;&gt;&lt;code&gt;&lt;span class=&quot;k&quot;&gt;def&lt;/span&gt; &lt;span class=&quot;nc&quot;&gt;self&lt;/span&gt;&lt;span class=&quot;o&quot;&gt;.&lt;/span&gt;&lt;span class=&quot;nf&quot;&gt;find&lt;/span&gt;&lt;span class=&quot;p&quot;&gt;(&lt;/span&gt;&lt;span class=&quot;nb&quot;&gt;id&lt;/span&gt;&lt;span class=&quot;p&quot;&gt;)&lt;/span&gt;
  &lt;span class=&quot;n&quot;&gt;data&lt;/span&gt; &lt;span class=&quot;o&quot;&gt;=&lt;/span&gt; &lt;span class=&quot;n&quot;&gt;redis&lt;/span&gt;&lt;span class=&quot;p&quot;&gt;.&lt;/span&gt;&lt;span class=&quot;nf&quot;&gt;hget&lt;/span&gt;&lt;span class=&quot;p&quot;&gt;(&lt;/span&gt;&lt;span class=&quot;n&quot;&gt;data_key&lt;/span&gt;&lt;span class=&quot;p&quot;&gt;(&lt;/span&gt;&lt;span class=&quot;nb&quot;&gt;id&lt;/span&gt;&lt;span class=&quot;p&quot;&gt;),&lt;/span&gt; &lt;span class=&quot;n&quot;&gt;sub_key&lt;/span&gt;&lt;span class=&quot;p&quot;&gt;(&lt;/span&gt;&lt;span class=&quot;nb&quot;&gt;id&lt;/span&gt;&lt;span class=&quot;p&quot;&gt;))&lt;/span&gt; &lt;span class=&quot;n&quot;&gt;or&lt;/span&gt; &lt;span class=&quot;k&quot;&gt;raise&lt;/span&gt; &lt;span class=&quot;s1&quot;&gt;'Not Found'&lt;/span&gt;
  &lt;span class=&quot;n&quot;&gt;attributes&lt;/span&gt; &lt;span class=&quot;o&quot;&gt;=&lt;/span&gt; &lt;span class=&quot;no&quot;&gt;MessagePack&lt;/span&gt;&lt;span class=&quot;p&quot;&gt;.&lt;/span&gt;&lt;span class=&quot;nf&quot;&gt;unpack&lt;/span&gt;&lt;span class=&quot;p&quot;&gt;(&lt;/span&gt;&lt;span class=&quot;n&quot;&gt;data&lt;/span&gt;&lt;span class=&quot;p&quot;&gt;).&lt;/span&gt;&lt;span class=&quot;nf&quot;&gt;merge&lt;/span&gt;&lt;span class=&quot;p&quot;&gt;(&lt;/span&gt;&lt;span class=&quot;ss&quot;&gt;id: &lt;/span&gt;&lt;span class=&quot;nb&quot;&gt;id&lt;/span&gt;&lt;span class=&quot;p&quot;&gt;).&lt;/span&gt;&lt;span class=&quot;nf&quot;&gt;with_indifferent_access&lt;/span&gt;
  &lt;span class=&quot;n&quot;&gt;attributes&lt;/span&gt;&lt;span class=&quot;p&quot;&gt;[&lt;/span&gt;&lt;span class=&quot;ss&quot;&gt;:identity_id&lt;/span&gt;&lt;span class=&quot;p&quot;&gt;]&lt;/span&gt; &lt;span class=&quot;o&quot;&gt;=&lt;/span&gt; &lt;span class=&quot;n&quot;&gt;attributes&lt;/span&gt;&lt;span class=&quot;p&quot;&gt;.&lt;/span&gt;&lt;span class=&quot;nf&quot;&gt;delete&lt;/span&gt;&lt;span class=&quot;p&quot;&gt;(&lt;/span&gt;&lt;span class=&quot;ss&quot;&gt;:i&lt;/span&gt;&lt;span class=&quot;p&quot;&gt;)&lt;/span&gt;
  &lt;span class=&quot;n&quot;&gt;attributes&lt;/span&gt;&lt;span class=&quot;p&quot;&gt;[&lt;/span&gt;&lt;span class=&quot;ss&quot;&gt;:expires_at&lt;/span&gt;&lt;span class=&quot;p&quot;&gt;]&lt;/span&gt; &lt;span class=&quot;o&quot;&gt;=&lt;/span&gt; &lt;span class=&quot;no&quot;&gt;Time&lt;/span&gt;&lt;span class=&quot;p&quot;&gt;.&lt;/span&gt;&lt;span class=&quot;nf&quot;&gt;at&lt;/span&gt;&lt;span class=&quot;p&quot;&gt;(&lt;/span&gt;&lt;span class=&quot;n&quot;&gt;attributes&lt;/span&gt;&lt;span class=&quot;p&quot;&gt;.&lt;/span&gt;&lt;span class=&quot;nf&quot;&gt;delete&lt;/span&gt;&lt;span class=&quot;p&quot;&gt;(&lt;/span&gt;&lt;span class=&quot;ss&quot;&gt;:x&lt;/span&gt;&lt;span class=&quot;p&quot;&gt;)).&lt;/span&gt;&lt;span class=&quot;nf&quot;&gt;utc&lt;/span&gt;
  &lt;span class=&quot;kp&quot;&gt;new&lt;/span&gt;&lt;span class=&quot;p&quot;&gt;(&lt;/span&gt;&lt;span class=&quot;n&quot;&gt;attributes&lt;/span&gt;&lt;span class=&quot;p&quot;&gt;)&lt;/span&gt;
&lt;span class=&quot;k&quot;&gt;end&lt;/span&gt;
&lt;/code&gt;&lt;/pre&gt;
&lt;/div&gt;

&lt;p&gt;I’m not going to show the code for the job that has to clean up the sessions here because it’s not relevant to the memory usage.&lt;/p&gt;

&lt;p&gt;So, how does this fare compared to the key-per-session approaches? Perhaps surprisingly, fairly terribly! It’s around 15% less efficient than the baseline approach, and almost 60% less efficient than the optimised one.&lt;/p&gt;

&lt;figure&gt;
  &lt;p&gt;&lt;img src=&quot;/images/posts/optimising-session-key-storage/256-partitions.png&quot; alt=&quot;256 partitions memory usage&quot; /&gt;&lt;/p&gt;
&lt;/figure&gt;

&lt;p&gt;How can that be the case?&lt;/p&gt;

&lt;p&gt;We’d expect to see (15 + 135) * 256 = 38,400 bytes for the HASH keys and (17 + 135) * 256 = 38,912 for the ZSET keys, but that’s negligible here. The HASH should be storing a 19 byte key and 15 bytes of data, which is 34MB and the ZSET should be storing a 19 byte key and a 4 byte integer which is 23MB. So why is the overall usage nearly 270MB instead of ~60MB?&lt;/p&gt;

&lt;p&gt;Well, given we’re storing 2M keys here (each key is stored twice) and we’re using an additional 200MB it looks rather like we’re still incurring fairly significant overhead from Redis, approximately 100 bytes per key, which is less than at the root but still very significant.&lt;/p&gt;

&lt;p&gt;At this point we have to question whether this result seems plausible, or have we got a mistake in our testing methodology? Looking again at the Redis memory optimisation page it seems that in their optimisation they did see nearly an order of magnitude reduction so clearly there &lt;em&gt;is&lt;/em&gt; a lot of overhead in a HASH, and this &lt;a href=&quot;http://nosql.mypopescu.com/post/1010844204/redis-memory-usage&quot;&gt;Redis memory usage&lt;/a&gt; page indicates that HASH and ZSET structures have have similar overhead to each other, and much more overhead than SET or LIST. Given that, the numbers do look plausible.&lt;/p&gt;

&lt;p&gt;So why didn’t we achieve the same improvements as the Redis memory optimisation page?&lt;/p&gt;

&lt;p&gt;Well, it turns out we didn’t do enough maths before choosing the partition size. The memory efficiency in the optimisation approach is gained by using the &lt;a href=&quot;https://redislabs.com/ebook/redis-in-action/part-3-next-steps-3/chapter-9-reducing-memory-use/9-1-short-structures/9-1-1-the-ziplist-representation&quot;&gt;ziplist representation&lt;/a&gt; but these have to be fairly small. The default maximum number of entries is:&lt;/p&gt;

&lt;div class=&quot;highlighter-rouge&quot;&gt;&lt;pre class=&quot;highlight&quot;&gt;&lt;code&gt;hash-max-ziplist-entries 512
zset-max-ziplist-entries 128
&lt;/code&gt;&lt;/pre&gt;
&lt;/div&gt;

&lt;p&gt;With 1M sessions across 256 partitions we’re attempting to put ~4k entries into each which easily blows through the limit so they’re just being stored in the normal representation. In fact, even by 100k entries we’ve already put ~400 entries into each so we’ve already blown the ZSET limit and nearly reached the HASH one.&lt;/p&gt;

&lt;p&gt;We’ll need to try again with more partitions.&lt;/p&gt;

&lt;h2 id=&quot;iteration-4-partitioned-hash--zset-with-ziplists&quot;&gt;Iteration 4: Partitioned HASH + ZSET with ziplists&lt;/h2&gt;

&lt;p&gt;Given 1M entries, if we want both the HASH and ZSET to stay as ziplists then we need at least 1M/128 ≈ 8k partitions, assuming that keys are distributed evenly between them, which they should be using a good random generator. Sticking with powers of 16 as the partition keys are easy to create from a hex identifier, we’ll go for the smallest power that covers this which is 16**4 ≈ 65k.&lt;/p&gt;

&lt;div class=&quot;language-ruby highlighter-rouge&quot;&gt;&lt;pre class=&quot;highlight&quot;&gt;&lt;code&gt;&lt;span class=&quot;no&quot;&gt;PREFIX_SIZE&lt;/span&gt; &lt;span class=&quot;o&quot;&gt;=&lt;/span&gt; &lt;span class=&quot;mi&quot;&gt;4&lt;/span&gt;
&lt;/code&gt;&lt;/pre&gt;
&lt;/div&gt;

&lt;p&gt;That one character change takes memory usage from being 15% worse than our baseline to almost 70% better, so clearly ziplists are massively more memory efficient than the normal representation. We’d expect to have around 15 entries in each of the structures by the end so we’ve still got plenty of room to add more sessions before they exceed the ziplist limit.&lt;/p&gt;

&lt;figure&gt;
  &lt;p&gt;&lt;img src=&quot;/images/posts/optimising-session-key-storage/65k-partitions.png&quot; alt=&quot;65k partitions memory usage&quot; /&gt;&lt;/p&gt;
&lt;/figure&gt;

&lt;p&gt;Looks like we have a winner, at least in terms of memory usage! However, this isn’t the whole story. We’re only looking at a small number of sessions here and as we start to insert more of them things will change.&lt;/p&gt;

&lt;p&gt;With 65k partitions and the standard settings of 128 entries in a ZSET and 512 in a HASH before the efficient ziplist format is converted to the normal representation we’d expect to see the ZSETs being converted once we have ~8.5M sessions and the HASHes being converted at around ~33M sessions.&lt;/p&gt;

&lt;p&gt;Extending the lines to cover tens of millions of sessions we can see the trend, and the points where the ZSETs and then the HASHes are converted to their normal representation are evident on the 65k partitions line at around 7-10M sessions and 31-35M sessions respectively. The approach becomes less memory efficient than our optimised key-per-session approach at around 9M sessions, once most of the ZSETs are converted.&lt;/p&gt;

&lt;figure&gt;
  &lt;p&gt;&lt;img src=&quot;/images/posts/optimising-session-key-storage/extended.png&quot; alt=&quot;Extended memory usage&quot; /&gt;&lt;/p&gt;
&lt;/figure&gt;

&lt;p&gt;If we used a higher number of partitions, e.g. 16**5 ≈ 1M then we’d be wasting a lot of space with low numbers because it would effectively be two keys per session until we have over 1M sessions. However, as more sessions are added these ziplists will start to fill up more efficiently and we’d expect to see the memory usage be very efficient until around 100M sessions.&lt;/p&gt;

&lt;p&gt;This is exactly what we &lt;em&gt;do&lt;/em&gt; see, with 1M partitions becoming more efficient than key-per-session a little after 2M sessions, and more efficient than 65k partitions at around 8M sessions once the former’s ZSETs start to be converted to normal representation.&lt;/p&gt;

&lt;figure&gt;
  &lt;p&gt;&lt;img src=&quot;/images/posts/optimising-session-key-storage/extended-1m-partitions.png&quot; alt=&quot;Extended memory usage including 1M partitions&quot; /&gt;&lt;/p&gt;
&lt;/figure&gt;

&lt;p&gt;And now we really do have a winner for very large numbers of sessions. Managing 100M sessions using this approach would cost us about 6.5GB of memory as opposed to 23GB with our original approach or 16GB with the optimised key-per-session approach. Putting that into cold hard cash, it means we could run on a RedisGreen X-Large 7GB server at $779/month instance rather than a 30GB one at $2499 so hosting costs would be reduced by two thirds, over $1700/month. More than enough for a few team lunches.&lt;/p&gt;

&lt;h2 id=&quot;conclusions&quot;&gt;Conclusions&lt;/h2&gt;

&lt;p&gt;The basic approach of serialising a JSON blob (or, better, a msgpack blob) into an expiring key is sufficient for managing sessions for all but the very largest of sites; you can handle over ten million sessions in less than 2GB of memory and &lt;a href=&quot;http://redis.io/topics/faq#what-is-the-maximum-number-of-keys-a-single-redis-instance-can-hold-and-what-the-max-number-of-elements-in-a-hash-list-set-sorted-set&quot;&gt;Redis can handle at least 250 million root keys&lt;/a&gt;. Unless you’re dealing with a huge number of sessions there’s probably not much point in doing anything more complex because hosting is relatively cheap and dev time is relatively expensive.&lt;/p&gt;

&lt;p&gt;If you do choose to partition then choosing too small a partition size is worse than not partitioning at all; you use significantly more memory than the basic key-per-session approach because you’re incurring significant overhead in two data structures, and it also increases the complexity of your code. However, getting the partition size right means you can make significant savings in memory usage – almost 70% reduction from the baseline approach and 55% over the hash-per-session option.&lt;/p&gt;

&lt;p&gt;As a rough guideline the number of partitions you should choose is the number of items you expect to store (N) divided by the lowest &lt;code class=&quot;highlighter-rouge&quot;&gt;*-max-ziplist-entries&lt;/code&gt; value for the type of data structures you’re using (Z) multiplied by 1.2 to give some leeway before the ziplists start being converted.&lt;/p&gt;

&lt;p&gt;Of course, that’s just a guideline. You should measure to make sure you’ve got it right.&lt;/p&gt;
</description>
        <pubDate>Fri, 07 Oct 2016 00:00:00 +0100</pubDate>
        <link>http://localhost:4000/2016/10/07/optimising-session-key-storage.html</link>
        <guid isPermaLink="true">http://localhost:4000/2016/10/07/optimising-session-key-storage.html</guid>
        
        
      </item>
    
      <item>
        <title>Running A/B tests on our hosting infrastructure</title>
        <description>&lt;p&gt;TL,DR:&lt;/p&gt;

&lt;ul&gt;
  &lt;li&gt;&lt;a href=&quot;https://www.fastly.com/&quot;&gt;Fastly&lt;/a&gt; is generally more performant than &lt;a href=&quot;https://aws.amazon.com/cloudfront/&quot;&gt;AWS
Cloudfront&lt;/a&gt; — for our userbase.&lt;/li&gt;
  &lt;li&gt;A/B testing CDNs is easy (with our toolset).&lt;/li&gt;
  &lt;li&gt;Synthetic performance checks (e.g. with &lt;a href=&quot;https://www.pingdom.com/&quot;&gt;Pingdom&lt;/a&gt;) do not reflect end
user performance experience.&lt;/li&gt;
&lt;/ul&gt;

&lt;p&gt;We split tested Cloudfront vs. Fastly across &lt;strong&gt;1,000,000 users&lt;/strong&gt;, in &lt;strong&gt;12
countries&lt;/strong&gt;, on 3 continents, over a significant time period. Using Fastly
improved asset load times by up to 50% in some areas, and site conversion went
up by 7.2% in the best case… and down by 6.6% in the worst (with &lt;em&gt;p&lt;/em&gt; &amp;lt; 0.05).&lt;/p&gt;

&lt;p&gt;Read on for how we set this up and analysed the results.&lt;/p&gt;

&lt;h3 id=&quot;current-infrastructure&quot;&gt;Current infrastructure&lt;/h3&gt;

&lt;p&gt;We currently use a CDN&lt;sup id=&quot;fnref:cdn&quot;&gt;&lt;a href=&quot;#fn:cdn&quot; class=&quot;footnote&quot;&gt;1&lt;/a&gt;&lt;/sup&gt;
for delivery of assets (Javascript, CSS, and images) to clients (web and native
apps). This is a wildly common practice when many users access the same content
— in our case, for instance, restaurant photos: the content gets cached at a
server that’s closer to the end user, latency-wise.&lt;/p&gt;

&lt;p&gt;Because our hosting started with AWS, we originally used
CloudFront — relatively easy to set up, does the job…&lt;/p&gt;

&lt;p&gt;…until we started expanding the business in regions where CloudFront’s
coverage seems a little more spotty, e.g. Australia, Singapore, or Hong Kong.&lt;/p&gt;

&lt;figure&gt;
  &lt;p&gt;&lt;img src=&quot;/images/posts/ab-testing-cdns/01.png&quot; alt=&quot;Cloudfront performance&quot; /&gt;&lt;/p&gt;
&lt;/figure&gt;

&lt;p&gt;We’ll come back to the details of this chart a bit later, but it should pretty
clearly show that for Cloudfront (or any CDN, really), actual performance from
actual users varies quite a bit by geographical market - sometimes dramatically
so, as with Australia.&lt;/p&gt;

&lt;p&gt;Our current HTTP infrastructure has 3 tiers:&lt;/p&gt;

&lt;ul&gt;
  &lt;li&gt;Client requests hit either a CDN (assets) or our reverse proxy
([Nginx][nginx]).&lt;/li&gt;
  &lt;li&gt;The CDN loads from the proxy on misses.&lt;/li&gt;
  &lt;li&gt;The proxy is backed by a [Heroku][heroku]-hosted application.&lt;/li&gt;
&lt;/ul&gt;

&lt;p&gt;Both the proxy and the Heroku app are hosted by AWS, in the &lt;code class=&quot;highlighter-rouge&quot;&gt;eu-west-1&lt;/code&gt; (Dublin)
datacenter.&lt;/p&gt;

&lt;h3 id=&quot;testable-infrastructure-variants&quot;&gt;Testable infrastructure variants&lt;/h3&gt;

&lt;p&gt;We’ve set up 4 variants of our infrastructure:
&lt;code class=&quot;highlighter-rouge&quot;&gt;cdn0&lt;/code&gt; is the existing, Cloudfront-based setup - the control.
&lt;code class=&quot;highlighter-rouge&quot;&gt;cdn1&lt;/code&gt; to &lt;code class=&quot;highlighter-rouge&quot;&gt;cdn3&lt;/code&gt; to replaces Cloudfront with various Fastly configurations:&lt;/p&gt;

&lt;ul&gt;
  &lt;li&gt;&lt;code class=&quot;highlighter-rouge&quot;&gt;cdn1&lt;/code&gt; uses Fastly’s &lt;a href=&quot;https://docs.fastly.com/guides/about-fastly-services/about-fastlys-origin-shielding-features&quot;&gt;“shield”
feature&lt;/a&gt;,
whereby local POPs&lt;sup id=&quot;fnref:pop&quot;&gt;&lt;a href=&quot;#fn:pop&quot; class=&quot;footnote&quot;&gt;2&lt;/a&gt;&lt;/sup&gt; are backed by a second-tier cache (also managed by
Fastly). This cache is located in London —
as close as possible to our main datacenter.&lt;/li&gt;
  &lt;li&gt;&lt;code class=&quot;highlighter-rouge&quot;&gt;cdn2&lt;/code&gt; uses our current reverse proxy (which has some in-memory caching) as
the CDN’s upstream. This most closely mimics our Cloudfront setup.&lt;/li&gt;
  &lt;li&gt;&lt;code class=&quot;highlighter-rouge&quot;&gt;cdn3&lt;/code&gt; is backed directly by the Heroku application.&lt;/li&gt;
&lt;/ul&gt;

&lt;p&gt;Each of those is given a different DNS entry for each of our TLDs,
&lt;code class=&quot;highlighter-rouge&quot;&gt;cdn[0-3].deliveroo.*&lt;/code&gt;, and set up to serve over HTTPS.&lt;/p&gt;

&lt;figure&gt;
  &lt;p&gt;&lt;img src=&quot;/images/posts/ab-testing-cdns/02.png&quot; alt=&quot;Infrastructure variants&quot; /&gt;&lt;/p&gt;
&lt;/figure&gt;

&lt;h3 id=&quot;synthetic-performance-comparison&quot;&gt;Synthetic performance comparison&lt;/h3&gt;

&lt;p&gt;To get a sense of what performance differences we could observe between
countries, we set up a synthetic check per test variant in &lt;a href=&quot;https://newrelic.com/synthetics&quot;&gt;NR
Synthetics&lt;/a&gt;.&lt;/p&gt;

&lt;p&gt;Each of these checks was configured to request a given asset (our main CSS file)
every minute, from a number of different locations across the globe; &lt;a href=&quot;https://newrelic.com/insights&quot;&gt;NR
Insights&lt;/a&gt; lets us access detailed reports of performance for each
individual request.&lt;/p&gt;

&lt;p&gt;Because Cloudfront is our existing setup, we allowed for a 1-week warmup period:
we wouldn’t want to compare another CDN cache until we were confident that most
POPs had had a chance to cache the asset in question.&lt;/p&gt;

&lt;p&gt;We then let the system harvest data for a while, and ran analysis queries in &lt;a href=&quot;https://newrelic.com/insights&quot;&gt;NR
Insights&lt;/a&gt;.&lt;/p&gt;

&lt;figure&gt;
  &lt;p&gt;&lt;img src=&quot;/images/posts/ab-testing-cdns/03.png&quot; alt=&quot;Infrastructure variants&quot; /&gt;&lt;/p&gt;
&lt;/figure&gt;

&lt;p&gt;At first glance, this graphs looks like Cloudfront (&lt;code class=&quot;highlighter-rouge&quot;&gt;cdn0&lt;/code&gt;) is massively winning
over Fastly (&lt;code class=&quot;highlighter-rouge&quot;&gt;cdn[1-3]&lt;/code&gt;). The trick here is that Cloudfront is part of Amazon’s
infrastructure, so it’s unfairly advantaged whenever the pinging server is also
in AWS. This is the case for most of the pinging servers used here, as hinted to
by &lt;code class=&quot;highlighter-rouge&quot;&gt;AWS&lt;/code&gt; in their names.&lt;/p&gt;

&lt;p&gt;The single case where the pinging server is outside of both Amazon’s and
Fastly’s infrastructure (the London server, at Linode) seems to lean in favour
of Fastly.&lt;/p&gt;

&lt;p&gt;The conclusion here is we can’t learn a lot from synthetic checks — we need to
leverage performance data from our users.&lt;/p&gt;

&lt;h3 id=&quot;setting-up-our-application-for-testing&quot;&gt;Setting up our application for testing&lt;/h3&gt;

&lt;p&gt;As we use &lt;a href=&quot;https://github.com/splitrb/split#split&quot;&gt;Split&lt;/a&gt; to set up A/B tests, tweaking our Rails code to serve
the right asset URLs to the right user is relatively simple.&lt;/p&gt;

&lt;p&gt;This selects the appropriate test variant for the current user:&lt;/p&gt;

&lt;div class=&quot;language-ruby highlighter-rouge&quot;&gt;&lt;pre class=&quot;highlight&quot;&gt;&lt;code&gt;&lt;span class=&quot;c1&quot;&gt;# app/application_controller.rb&lt;/span&gt;
&lt;span class=&quot;k&quot;&gt;class&lt;/span&gt; &lt;span class=&quot;nc&quot;&gt;ApplicationController&lt;/span&gt;
  &lt;span class=&quot;n&quot;&gt;before_filter&lt;/span&gt; &lt;span class=&quot;p&quot;&gt;{&lt;/span&gt; &lt;span class=&quot;vg&quot;&gt;$cdn&lt;/span&gt; &lt;span class=&quot;o&quot;&gt;=&lt;/span&gt; &lt;span class=&quot;n&quot;&gt;ab_test&lt;/span&gt;&lt;span class=&quot;p&quot;&gt;(&lt;/span&gt;&lt;span class=&quot;ss&quot;&gt;:cdn_test&lt;/span&gt;&lt;span class=&quot;p&quot;&gt;)&lt;/span&gt; &lt;span class=&quot;p&quot;&gt;}&lt;/span&gt;
  &lt;span class=&quot;c1&quot;&gt;# ...&lt;/span&gt;
&lt;span class=&quot;k&quot;&gt;end&lt;/span&gt;
&lt;/code&gt;&lt;/pre&gt;
&lt;/div&gt;

&lt;p&gt;And this tells Rails to determine the asset host dynamically:&lt;/p&gt;

&lt;div class=&quot;language-ruby highlighter-rouge&quot;&gt;&lt;pre class=&quot;highlight&quot;&gt;&lt;code&gt;&lt;span class=&quot;c1&quot;&gt;# config/application.rb&lt;/span&gt;
&lt;span class=&quot;n&quot;&gt;config&lt;/span&gt;&lt;span class=&quot;p&quot;&gt;.&lt;/span&gt;&lt;span class=&quot;nf&quot;&gt;action_controller&lt;/span&gt;&lt;span class=&quot;p&quot;&gt;.&lt;/span&gt;&lt;span class=&quot;nf&quot;&gt;asset_host&lt;/span&gt; &lt;span class=&quot;o&quot;&gt;=&lt;/span&gt; &lt;span class=&quot;nb&quot;&gt;lambda&lt;/span&gt; &lt;span class=&quot;k&quot;&gt;do&lt;/span&gt; &lt;span class=&quot;o&quot;&gt;|&lt;/span&gt;&lt;span class=&quot;n&quot;&gt;path&lt;/span&gt;&lt;span class=&quot;p&quot;&gt;,&lt;/span&gt; &lt;span class=&quot;o&quot;&gt;*&lt;/span&gt;&lt;span class=&quot;n&quot;&gt;args&lt;/span&gt;&lt;span class=&quot;o&quot;&gt;|&lt;/span&gt;
  &lt;span class=&quot;k&quot;&gt;if&lt;/span&gt; &lt;span class=&quot;n&quot;&gt;request&lt;/span&gt; &lt;span class=&quot;o&quot;&gt;=&lt;/span&gt; &lt;span class=&quot;n&quot;&gt;args&lt;/span&gt;&lt;span class=&quot;p&quot;&gt;.&lt;/span&gt;&lt;span class=&quot;nf&quot;&gt;first&lt;/span&gt;
    &lt;span class=&quot;s1&quot;&gt;'%s.deliveroo.%s'&lt;/span&gt; &lt;span class=&quot;o&quot;&gt;%&lt;/span&gt; &lt;span class=&quot;p&quot;&gt;[&lt;/span&gt;
      &lt;span class=&quot;vg&quot;&gt;$cdn&lt;/span&gt;&lt;span class=&quot;p&quot;&gt;,&lt;/span&gt;
      &lt;span class=&quot;n&quot;&gt;tld_from_host&lt;/span&gt;&lt;span class=&quot;p&quot;&gt;(&lt;/span&gt;&lt;span class=&quot;n&quot;&gt;request&lt;/span&gt;&lt;span class=&quot;p&quot;&gt;.&lt;/span&gt;&lt;span class=&quot;nf&quot;&gt;host&lt;/span&gt;&lt;span class=&quot;p&quot;&gt;)&lt;/span&gt;
    &lt;span class=&quot;p&quot;&gt;]&lt;/span&gt;
  &lt;span class=&quot;k&quot;&gt;else&lt;/span&gt;
    &lt;span class=&quot;kp&quot;&gt;nil&lt;/span&gt;
  &lt;span class=&quot;k&quot;&gt;end&lt;/span&gt;
&lt;span class=&quot;k&quot;&gt;end&lt;/span&gt;
&lt;/code&gt;&lt;/pre&gt;
&lt;/div&gt;

&lt;p&gt;This is adapted of course, and we wouldn’t recommend using a global &lt;code class=&quot;highlighter-rouge&quot;&gt;$cdn&lt;/code&gt;
variable in real life!&lt;/p&gt;

&lt;p&gt;Now that we’ve instructed our backend to serve different asset URLs for
different test variants, we need the ability to report on performance for each
variant.&lt;/p&gt;

&lt;p&gt;We use &lt;a href=&quot;https://newrelic.com/browser&quot;&gt;NR Browser&lt;/a&gt;, which injects a bit of Javascript in each HTML
page and reports on performance — somewhat like a dumbed-down
&lt;a href=&quot;http://www.webpagetest.org/&quot;&gt;Webpagetest&lt;/a&gt;, but on every single page view.&lt;/p&gt;

&lt;p&gt;The JS library lets us “tag” each pageview with metadata that we can later query
against in &lt;a href=&quot;https://newrelic.com/insights&quot;&gt;NR Insights&lt;/a&gt;:&lt;/p&gt;

&lt;div class=&quot;language-html highlighter-rouge&quot;&gt;&lt;pre class=&quot;highlight&quot;&gt;&lt;code&gt;&lt;span class=&quot;nt&quot;&gt;&amp;lt;script &lt;/span&gt;&lt;span class=&quot;na&quot;&gt;type=&lt;/span&gt;&lt;span class=&quot;s&quot;&gt;&quot;text/javascript&quot;&lt;/span&gt;&lt;span class=&quot;nt&quot;&gt;&amp;gt;&lt;/span&gt;
  &lt;span class=&quot;k&quot;&gt;if&lt;/span&gt; &lt;span class=&quot;p&quot;&gt;(&lt;/span&gt;&lt;span class=&quot;k&quot;&gt;typeof&lt;/span&gt; &lt;span class=&quot;nx&quot;&gt;newrelic&lt;/span&gt; &lt;span class=&quot;o&quot;&gt;!==&lt;/span&gt; &lt;span class=&quot;s2&quot;&gt;&quot;undefined&quot;&lt;/span&gt;&lt;span class=&quot;p&quot;&gt;)&lt;/span&gt; &lt;span class=&quot;p&quot;&gt;{&lt;/span&gt;
    &lt;span class=&quot;nx&quot;&gt;newrelic&lt;/span&gt;&lt;span class=&quot;p&quot;&gt;.&lt;/span&gt;&lt;span class=&quot;nx&quot;&gt;setCustomAttribute&lt;/span&gt;&lt;span class=&quot;p&quot;&gt;(&lt;/span&gt;&lt;span class=&quot;s2&quot;&gt;&quot;cdnServer&quot;&lt;/span&gt;&lt;span class=&quot;p&quot;&gt;,&lt;/span&gt; &lt;span class=&quot;s2&quot;&gt;&quot;&amp;lt;%= $cdn %&amp;gt;&quot;&lt;/span&gt;&lt;span class=&quot;p&quot;&gt;);&lt;/span&gt;
  &lt;span class=&quot;p&quot;&gt;}&lt;/span&gt;
&lt;span class=&quot;nt&quot;&gt;&amp;lt;/script&amp;gt;&lt;/span&gt;
&lt;/code&gt;&lt;/pre&gt;
&lt;/div&gt;

&lt;p&gt;From thereon, it’s just a matter of waiting enough time for enough data to be
harvested to reach statistical significance.&lt;/p&gt;

&lt;h3 id=&quot;performance-for-actual-users&quot;&gt;Performance for actual users&lt;/h3&gt;

&lt;aside&gt;
  &lt;h5 id=&quot;why-split-the-analysis-by-country-and-platform&quot;&gt;Why split the analysis by country &lt;em&gt;and&lt;/em&gt; platform?&lt;/h5&gt;

  &lt;p&gt;CDN performance relates to how “close” the closest POP is, in terms of network
latency. It’s best if the CDN has a POP at the user’s ISP, and ISP networks are
typically per-country with a few exceptions (dense areas like Europe).
Similarly, DSL/fibre ISPs may not share a network with mobile/GSM ISPs.&lt;/p&gt;

  &lt;p&gt;As we cannot split the data on the “type” of network (landline vs. mobile),
we’re splitting on device types as a proxy. This is determined by interpreting
the user-agent header for each HTTP request.&lt;/p&gt;
&lt;/aside&gt;

&lt;p&gt;For this second test, we ran a proper A/B test trying to falsify the
hypothesis: in a given country, for a given device type, Cloudfront and Fastly
perform the same.&lt;/p&gt;

&lt;p&gt;The metric we’ll look at is the duration between the “time to first byte” (the
point at which, when loading a page, a browser starts receiving the HTTP
response) and the “page loaded” event (when
all synchronous assets have been loaded and the page has been rendered).&lt;/p&gt;

&lt;p&gt;This is the part of the page load lifecycle where differences in asset load
timings may have an impact. Given all other things are unchanged, it’s the
&lt;em&gt;only&lt;/em&gt; factor of change, which is what we’re after in an A/B test.&lt;/p&gt;

&lt;p&gt;Conveniently, New Relic
&lt;a href=&quot;https://docs.newrelic.com/docs/browser/new-relic-browser/page-load-timing-resources/page-load-timing-process&quot;&gt;reports&lt;/a&gt;
on this duration — albeit in two chunks, the &lt;em&gt;DOM processing duration&lt;/em&gt; and the
&lt;em&gt;page rendering duration&lt;/em&gt;.&lt;/p&gt;

&lt;p&gt;NR Insights lets us run pseudo-SQL queries that look like the following, and
produce an HTML data table (or JSON):&lt;/p&gt;

&lt;div class=&quot;language-sql highlighter-rouge&quot;&gt;&lt;pre class=&quot;highlight&quot;&gt;&lt;code&gt;&lt;span class=&quot;k&quot;&gt;SELECT&lt;/span&gt; &lt;span class=&quot;k&quot;&gt;count&lt;/span&gt;&lt;span class=&quot;p&quot;&gt;(&lt;/span&gt;&lt;span class=&quot;o&quot;&gt;*&lt;/span&gt;&lt;span class=&quot;p&quot;&gt;)&lt;/span&gt; &lt;span class=&quot;o&quot;&gt;*&lt;/span&gt; &lt;span class=&quot;mi&quot;&gt;1&lt;/span&gt;&lt;span class=&quot;p&quot;&gt;.&lt;/span&gt;&lt;span class=&quot;mi&quot;&gt;0&lt;/span&gt; &lt;span class=&quot;k&quot;&gt;AS&lt;/span&gt; &lt;span class=&quot;s1&quot;&gt;'Page views'&lt;/span&gt;
  &lt;span class=&quot;p&quot;&gt;,&lt;/span&gt; &lt;span class=&quot;n&quot;&gt;percentile&lt;/span&gt;&lt;span class=&quot;p&quot;&gt;(&lt;/span&gt;&lt;span class=&quot;n&quot;&gt;domProcessingDuration&lt;/span&gt; &lt;span class=&quot;o&quot;&gt;+&lt;/span&gt; &lt;span class=&quot;n&quot;&gt;pageRenderingDuration&lt;/span&gt;&lt;span class=&quot;p&quot;&gt;,&lt;/span&gt; &lt;span class=&quot;mi&quot;&gt;95&lt;/span&gt;&lt;span class=&quot;p&quot;&gt;)&lt;/span&gt; &lt;span class=&quot;k&quot;&gt;AS&lt;/span&gt; &lt;span class=&quot;s1&quot;&gt;'Time'&lt;/span&gt;
  &lt;span class=&quot;p&quot;&gt;,&lt;/span&gt; &lt;span class=&quot;n&quot;&gt;average&lt;/span&gt;&lt;span class=&quot;p&quot;&gt;(&lt;/span&gt;&lt;span class=&quot;n&quot;&gt;domProcessingDuration&lt;/span&gt; &lt;span class=&quot;o&quot;&gt;+&lt;/span&gt; &lt;span class=&quot;n&quot;&gt;pageRenderingDuration&lt;/span&gt;&lt;span class=&quot;p&quot;&gt;)&lt;/span&gt; &lt;span class=&quot;k&quot;&gt;AS&lt;/span&gt; &lt;span class=&quot;s1&quot;&gt;'Average'&lt;/span&gt;
  &lt;span class=&quot;p&quot;&gt;,&lt;/span&gt; &lt;span class=&quot;n&quot;&gt;stddev&lt;/span&gt;&lt;span class=&quot;p&quot;&gt;(&lt;/span&gt;&lt;span class=&quot;n&quot;&gt;domProcessingDuration&lt;/span&gt; &lt;span class=&quot;o&quot;&gt;+&lt;/span&gt; &lt;span class=&quot;n&quot;&gt;pageRenderingDuration&lt;/span&gt;&lt;span class=&quot;p&quot;&gt;)&lt;/span&gt; &lt;span class=&quot;k&quot;&gt;AS&lt;/span&gt; &lt;span class=&quot;s1&quot;&gt;'Stddev'&lt;/span&gt;
  &lt;span class=&quot;p&quot;&gt;,&lt;/span&gt; &lt;span class=&quot;n&quot;&gt;percentile&lt;/span&gt;&lt;span class=&quot;p&quot;&gt;(&lt;/span&gt;&lt;span class=&quot;n&quot;&gt;domProcessingDuration&lt;/span&gt; &lt;span class=&quot;o&quot;&gt;+&lt;/span&gt; &lt;span class=&quot;n&quot;&gt;pageRenderingDuration&lt;/span&gt;&lt;span class=&quot;p&quot;&gt;,&lt;/span&gt; &lt;span class=&quot;mi&quot;&gt;50&lt;/span&gt;&lt;span class=&quot;p&quot;&gt;)&lt;/span&gt; &lt;span class=&quot;k&quot;&gt;AS&lt;/span&gt; &lt;span class=&quot;s1&quot;&gt;'Time'&lt;/span&gt;
&lt;span class=&quot;k&quot;&gt;FROM&lt;/span&gt; &lt;span class=&quot;n&quot;&gt;PageView&lt;/span&gt;
&lt;span class=&quot;k&quot;&gt;WHERE&lt;/span&gt; &lt;span class=&quot;n&quot;&gt;deviceType&lt;/span&gt; &lt;span class=&quot;o&quot;&gt;=&lt;/span&gt; &lt;span class=&quot;s1&quot;&gt;'Desktop'&lt;/span&gt;
&lt;span class=&quot;n&quot;&gt;FACET&lt;/span&gt; &lt;span class=&quot;n&quot;&gt;countryCode&lt;/span&gt;
&lt;span class=&quot;n&quot;&gt;SINCE&lt;/span&gt; &lt;span class=&quot;s1&quot;&gt;'2016-07-01'&lt;/span&gt;
&lt;span class=&quot;k&quot;&gt;LIMIT&lt;/span&gt; &lt;span class=&quot;mi&quot;&gt;20&lt;/span&gt;
&lt;/code&gt;&lt;/pre&gt;
&lt;/div&gt;

&lt;p&gt;The HTML output isn’t very convenient, but we needed to post-process the data
(to run the &lt;a href=&quot;https://en.wikipedia.org/wiki/Student%27s_t-test&quot;&gt;T-Test&lt;/a&gt; math), so
half an hour or copying-and-pasting into Excel follows.&lt;/p&gt;

&lt;p&gt;Intermission: for proper A/B testing, have a read of &lt;a href=&quot;http://www.evanmiller.org/ab-testing/&quot;&gt;Evan Miller’s Awesome
A/B Testing Tools&lt;/a&gt;. One of my favourite
bookmarks.&lt;/p&gt;

&lt;figure&gt;
  &lt;p&gt;&lt;img src=&quot;/images/posts/ab-testing-cdns/04.png&quot; alt=&quot;Infrastructure variants&quot; /&gt;&lt;/p&gt;
&lt;/figure&gt;

&lt;p&gt;This graphs the ratio of load+render times for Fastly (&lt;code class=&quot;highlighter-rouge&quot;&gt;cdn1&lt;/code&gt; variant, the best
one) versus Cloudfront (&lt;code class=&quot;highlighter-rouge&quot;&gt;cdn0&lt;/code&gt;, our pre-existing set up), split by the users’
countries - anything on the right, Fastly wins.&lt;/p&gt;

&lt;p&gt;The error bars are for &lt;em&gt;p &amp;lt; 0.05&lt;/em&gt;, not good enough for Science or Nature but
generally accepted as good enough for multivariate tests in tech companies.&lt;/p&gt;

&lt;p&gt;Unlike for our earlier synthetic tests, the results are quite clear cut:&lt;/p&gt;

&lt;ul&gt;
  &lt;li&gt;Fastly is significantly faster almost everywhere.&lt;/li&gt;
  &lt;li&gt;Notable exceptions exist:
    &lt;ul&gt;
      &lt;li&gt;the UAE: Fastly doesn’t have a POP there yet;&lt;/li&gt;
      &lt;li&gt;Spain on desktops (no obvious explanation);&lt;/li&gt;
      &lt;li&gt;Ireland and Singapore on mobiles: Fastly probably has a weaker presence
there than Cloudfront — likely as the capitals there are Amazon datacenter
cities.&lt;/li&gt;
    &lt;/ul&gt;
  &lt;/li&gt;
&lt;/ul&gt;

&lt;p&gt;At this point we could opt to just switch over to Fastly and bite the bullet in
places where it’s slightly weaker; but what ultimately matters is not how fast
our site and apps are, but how many users we satisfy.&lt;/p&gt;

&lt;h3 id=&quot;impact-on-conversion&quot;&gt;Impact on conversion&lt;/h3&gt;

&lt;p&gt;For this last test, we’ve used the same A/B test setup as above, but this time
we measured conversion across CDN variants, countries, and platforms.&lt;/p&gt;

&lt;p&gt;We use &lt;a href=&quot;https://segment.com/&quot;&gt;Segment&lt;/a&gt; to relay and store our analytics.  It allows us to
track events, including custom attributes (metadata), from anywhere in our back
end application:&lt;/p&gt;

&lt;div class=&quot;language-ruby highlighter-rouge&quot;&gt;&lt;pre class=&quot;highlight&quot;&gt;&lt;code&gt;&lt;span class=&quot;vg&quot;&gt;$segment&lt;/span&gt;&lt;span class=&quot;p&quot;&gt;.&lt;/span&gt;&lt;span class=&quot;nf&quot;&gt;track&lt;/span&gt; &lt;span class=&quot;s1&quot;&gt;'Session Started'&lt;/span&gt;&lt;span class=&quot;p&quot;&gt;,&lt;/span&gt; &lt;span class=&quot;ss&quot;&gt;cdn: &lt;/span&gt;&lt;span class=&quot;vg&quot;&gt;$cdn&lt;/span&gt;
&lt;span class=&quot;c1&quot;&gt;# (...)&lt;/span&gt;
&lt;span class=&quot;vg&quot;&gt;$segment&lt;/span&gt;&lt;span class=&quot;p&quot;&gt;.&lt;/span&gt;&lt;span class=&quot;nf&quot;&gt;track&lt;/span&gt; &lt;span class=&quot;s1&quot;&gt;'Completed Order'&lt;/span&gt;&lt;span class=&quot;p&quot;&gt;,&lt;/span&gt; &lt;span class=&quot;ss&quot;&gt;cdn: &lt;/span&gt;&lt;span class=&quot;vg&quot;&gt;$cdn&lt;/span&gt;
&lt;/code&gt;&lt;/pre&gt;
&lt;/div&gt;

&lt;p&gt;This inserts a record in Redshift, tagged with the user who made the request,
the browser, the country, and the CDN variant used (as well as a whole lot of
other bits of metadata we won’t use here).&lt;/p&gt;

&lt;p&gt;Again, once that had been set up, it was just a matter of waiting until there’s
enough data to run a significant &lt;a href=&quot;https://en.wikipedia.org/wiki/Chi-squared_test&quot;&gt;χ²
test&lt;/a&gt;.&lt;/p&gt;

&lt;p&gt;Overall, the test results are reassuringly consistent with the changes in
performance: depending on the Fastly setup (&lt;code class=&quot;highlighter-rouge&quot;&gt;cdn[1-3]&lt;/code&gt;), we observe either no
conversion change (+0.0% ±0.8%, &lt;em&gt;p&lt;/em&gt; = 0.5), or a slight improvement (+0.9%
±0.9%, &lt;em&gt;p&lt;/em&gt; = 0.02).&lt;/p&gt;

&lt;p&gt;But once split by country and platform, the results are surprising.&lt;/p&gt;

&lt;figure&gt;
  &lt;p&gt;&lt;img src=&quot;/images/posts/ab-testing-cdns/05.png&quot; alt=&quot;Infrastructure variants&quot; /&gt;&lt;/p&gt;
&lt;/figure&gt;

&lt;aside&gt;
  &lt;h5 id=&quot;why-ignore-some-ab-test-results&quot;&gt;Why ignore some AB test results?&lt;/h5&gt;

  &lt;p&gt;An AB test doesn’t measure a precise change in the observed metric (here,
conversion) — it provides a bracket of results for a given p-value.&lt;/p&gt;

  &lt;p&gt;So for &lt;em&gt;p&lt;/em&gt; = 0.05, what the result actually means is that if the test was to
be repeated, there a 95% chance the observed metric would still fall in the
bracket.&lt;/p&gt;

  &lt;p&gt;Nothing says that distribution is uniform or not, although it’s often assumed
to be; so when the error bars encompass zero (no change in the metric), the
“real” result we’d observe if we’d repeat the test an infinite number of times
could go either way.&lt;/p&gt;

  &lt;p&gt;This said, it’s not uncommon to say the conversion “trends” in the direction
of the observed value (the coloured bars on our graphs) even when the error
bracket is wide.&lt;/p&gt;
&lt;/aside&gt;

&lt;p&gt;Error bars here are still for &lt;em&gt;p&lt;/em&gt; &amp;lt; 0.05, so any result where the error bar
crosses zero are subject to caution; we’ll ignore those here. This leaves us
with:&lt;/p&gt;

&lt;ul&gt;
  &lt;li&gt;:smile: Germany and France see a significant improvement in both performance and
conversion.&lt;/li&gt;
  &lt;li&gt;:relieved: Most other countries have conversion and performance trending in the same
direction.&lt;/li&gt;
  &lt;li&gt;:open_mouth: While Australian mobiles see a significant improvement in performance
but conversion is significantly worse!&lt;/li&gt;
&lt;/ul&gt;

&lt;p&gt;We don’t have a solid explanation for this last point. While it’s possible that
some Aussie ISPs do something bad to our HTTP requests that cause some to fail,
we haven’t been able to reproduce error cases or received error reports form our
local teams or local customers.&lt;/p&gt;

&lt;p&gt;A more common explanation would be that the volumes of data used for this test
aren’t high enough (yet); it’s possible the test hasn’t converged yet.
Statistical significance &lt;a href=&quot;http://conversionxl.com/statistical-significance-does-not-equal-validity/#statistical-significance-is-not-a-stopping-rule&quot;&gt;is not a stopping
rule&lt;/a&gt;
when running tests.&lt;/p&gt;

&lt;p&gt;Digging into how conversion has evolved over time during the test reveals that,
during the course of the test, our Australian market suffered a conversion blip:&lt;/p&gt;

&lt;figure&gt;
  &lt;p&gt;&lt;img src=&quot;/images/posts/ab-testing-cdns/06.png&quot; alt=&quot;Infrastructure variants&quot; /&gt;&lt;/p&gt;
&lt;/figure&gt;

&lt;p&gt;There was an unrelated product issue in Australia — which may well have skewed
test results.  Conversely, looking at one of the cases where Fastly won over
Cloudfront, we saw that conversion was indeed up reasonably consistenly:&lt;/p&gt;

&lt;figure&gt;
  &lt;p&gt;&lt;img src=&quot;/images/posts/ab-testing-cdns/07.png&quot; alt=&quot;Infrastructure variants&quot; /&gt;&lt;/p&gt;
&lt;/figure&gt;

&lt;h3 id=&quot;conclusions&quot;&gt;Conclusions&lt;/h3&gt;

&lt;p&gt;This left us scratching our heads somewhat, and a demonstration that AB tests
aren’t a panacea: they can give strong results… but they can also give very
confusing results if there’s a hidden variable.&lt;/p&gt;

&lt;p&gt;Our take on this is to, as we did above, couple A/B testing with other
sources that we know correlate to conversion. For user interfaces, this can be
focus groups early on and user research down the line; for infrastructure,
performance measurements and synthetic matter.&lt;/p&gt;

&lt;p&gt;In other words, we’ll trust our A/B test at a global level: across 1 million
users, we’re seeing a small, consistent conversion uplift. But we’ll prefer to
provisionally trust that performance improvements are a good thing rather that
letting the apparent inconsistency in a few locations block us.&lt;/p&gt;

&lt;p&gt;Finally, the overall conversion gains can feel pretty underwhelming compared to
the performance gains, but remember that this test only affects assets — the
TTFB (time-to-first-byte) of our pages is unchanged.&lt;/p&gt;

&lt;p&gt;We expect further improvement in our TTFB for key pages (homepage, listing
pages) to further improve performance.&lt;/p&gt;

&lt;h3 id=&quot;tools-used&quot;&gt;Tools used&lt;/h3&gt;

&lt;ul&gt;
  &lt;li&gt;&lt;a href=&quot;https://aws.amazon.com/cloudfront/&quot;&gt;Amazon Cloudfront&lt;/a&gt; and &lt;a href=&quot;https://www.fastly.com/&quot;&gt;Fastly&lt;/a&gt;: the two CDNs we’ve
pitted against eachother.&lt;/li&gt;
  &lt;li&gt;New Relic &lt;a href=&quot;https://newrelic.com/synthetics&quot;&gt;Synthetics&lt;/a&gt;: a Pindgom clone that lets us repeatedly call
an HTTP endpoint and get statistics on response time.&lt;/li&gt;
  &lt;li&gt;New Relic &lt;a href=&quot;https://newrelic.com/browser&quot;&gt;Browser&lt;/a&gt;: a small Javascript extension that reports
performance data on page loads (think a simplified
&lt;a href=&quot;webpagetest.org&quot;&gt;WebPageTest.org&lt;/a&gt; on every page load).&lt;/li&gt;
  &lt;li&gt;New Relic &lt;a href=&quot;https://newrelic.com/insights&quot;&gt;Insights&lt;/a&gt;: a data warehouse specialized performance
analytics.&lt;/li&gt;
  &lt;li&gt;&lt;a href=&quot;https://github.com/splitrb/split#split&quot;&gt;Split&lt;/a&gt;: a Ruby library to perform A/B testing.&lt;/li&gt;
  &lt;li&gt;&lt;a href=&quot;https://segment.com/&quot;&gt;Segment&lt;/a&gt;: an analytics data aggregator, that can harvest data from
many sources (in particular our Ruby backend) and push into many sinks (in
particular our Redshift warehouse).&lt;/li&gt;
  &lt;li&gt;Microsoft Excel. Yeah, yeah. It’s good at spreadsheets and simple graphs
though.&lt;/li&gt;
&lt;/ul&gt;

&lt;h4 id=&quot;footnotes&quot;&gt;Footnotes&lt;/h4&gt;
&lt;div class=&quot;footnotes&quot;&gt;
  &lt;ol&gt;
    &lt;li id=&quot;fn:cdn&quot;&gt;
      &lt;p&gt;&lt;a href=&quot;https://en.wikipedia.org/wiki/Content_delivery_network&quot;&gt;Content Delivery Network&lt;/a&gt; &lt;a href=&quot;#fnref:cdn&quot; class=&quot;reversefootnote&quot;&gt;&amp;#8617;&lt;/a&gt;&lt;/p&gt;
    &lt;/li&gt;
    &lt;li id=&quot;fn:pop&quot;&gt;
      &lt;p&gt;“Point of Presence”. This refers to the many caching servers a CDN places as close as possible to users, typically within ISPs’ datacenters. POP placement significantly influences performance. &lt;a href=&quot;#fnref:pop&quot; class=&quot;reversefootnote&quot;&gt;&amp;#8617;&lt;/a&gt;&lt;/p&gt;
    &lt;/li&gt;
  &lt;/ol&gt;
&lt;/div&gt;
</description>
        <pubDate>Mon, 19 Sep 2016 00:00:00 +0100</pubDate>
        <link>http://localhost:4000/2016/09/19/ab-testing-cdns.html</link>
        <guid isPermaLink="true">http://localhost:4000/2016/09/19/ab-testing-cdns.html</guid>
        
        
      </item>
    
  </channel>
</rss>
